Start;End;Sleep quality;Time in bed;Wake up;Sleep Notes;Heart rate;Activity (steps)
2014-11-02 22:45:42;2014-11-03 05:44:43;82%;6:59;:|;;0;14986
2014-11-03 22:30:33;2014-11-04 05:40:55;65%;7:10;:(;;52;11392
2014-11-04 22:12:06;2014-11-05 05:48:31;80%;7:36;:|;;49;7553
2014-11-05 23:17:41;2014-11-06 05:39:51;70%;6:22;:);;54;4139
2014-11-06 22:43:54;2014-11-07 05:30:31;57%;6:46;:|;;51;6807
2014-11-08 00:14:36;2014-11-08 08:23:21;63%;8:08;:);;52;6840
2014-11-09 02:05:51;2014-11-09 08:42:46;64%;6:36;:|;;56;14912
2014-11-09 23:16:16;2014-11-10 05:52:36;64%;6:36;:|;Was tired;54;3808
2014-11-10 22:22:48;2014-11-11 05:53:45;70%;7:30;:);Stressful day;41;7507
2014-11-11 22:04:54;2014-11-12 05:48:53;92%;7:43;:(;Was tired;50;12874
2014-11-12 22:16:09;2014-11-13 05:53:03;87%;7:36;:|;Good day;49;5645
2014-11-13 21:58:31;2014-11-14 05:44:44;82%;7:46;:|;Good day;51;9209
2014-11-15 01:14:22;2014-11-15 09:18:45;71%;8:04;:);Was tired;59;7744
2014-11-16 01:03:15;2014-11-16 09:25:46;69%;8:22;:);Good day;54;5693
2014-11-16 22:26:50;2014-11-17 05:45:34;69%;7:18;:(;Good day;0;3417
2014-11-17 22:19:58;2014-11-18 05:50:59;84%;7:31;:);Ate late;46;5832
2014-11-18 22:21:13;2014-11-19 05:52:02;81%;7:30;:|;Normal Day;55;6123
2014-11-19 23:19:54;2014-11-20 05:55:58;65%;6:36;:(;Normal Day;0;12818
2014-11-20 22:25:33;2014-11-21 05:35:25;73%;7:09;:|;Normal Day;0;4534
2014-11-23 22:20:18;2014-11-24 05:51:22;56%;7:31;:|;Good day;0;8623
2014-11-24 22:40:41;2014-11-25 05:49:52;75%;7:09;:|;Normal Day;0;7089
2014-11-25 22:17:04;2014-11-26 05:40:14;67%;7:23;:|;Normal Day;0;11354
2014-11-26 21:56:03;2014-11-27 05:49:48;66%;7:53;:(;Normal Day;0;4798
2014-11-27 22:18:32;2014-11-28 05:58:43;75%;7:40;:|;Normal Day;0;4288
2014-11-29 00:55:45;2014-11-29 10:11:49;83%;9:16;:);Was tired;0;6006
2014-11-29 23:52:26;2014-11-30 09:20:45;90%;9:28;:);Normal Day;0;7500
2014-11-30 22:17:23;2014-12-01 05:47:58;80%;7:30;:|;Normal Day;0;9016
2014-12-02 22:17:02;2014-12-03 05:50:21;76%;7:33;:|;Normal Day;0;5268
2014-12-09 21:54:57;2014-12-10 05:51:16;81%;7:56;:);Normal Day;0;4424
2014-12-11 22:16:15;2014-12-12 05:54:58;98%;7:38;:);Normal Day;0;5705
2015-08-19 21:54:30;2015-08-20 06:02:10;37%;8:07;:(;Stressful day;53;8586
2015-10-21 22:32:33;2015-10-22 05:47:50;61%;7:15;;;0;5596
2015-10-22 22:09:31;2015-10-23 05:47:25;75%;7:37;:);;0;5201
2015-10-24 00:35:34;2015-10-24 08:24:28;71%;7:48;:);;0;17462
2015-10-25 00:50:18;2015-10-25 07:14:17;78%;7:23;:);;0;3484
2015-10-25 22:24:33;2015-10-26 06:00:20;83%;7:35;:|;;0;11176
2015-10-26 22:42:07;2015-10-27 05:47:53;73%;7:05;:|;;0;7465
2015-10-27 22:20:00;2015-10-28 05:45:48;77%;7:25;:);;0;4257
2015-10-28 22:44:18;2015-10-29 05:37:54;70%;6:53;:);;0;6299
2015-10-29 22:16:32;2015-10-30 05:34:32;75%;7:18;:);;0;8663
2015-11-01 22:36:14;2015-11-02 05:47:32;77%;7:11;:);;0;13908
2015-11-02 22:33:43;2015-11-03 05:45:36;74%;7:11;:);;0;7860
2015-11-03 22:19:52;2015-11-04 05:45:09;75%;7:25;:);;0;3878
2015-11-04 22:17:03;2015-11-05 05:42:54;68%;7:25;:);;0;9271
2015-11-05 22:09:41;2015-11-06 05:48:25;79%;7:38;:);;0;12395
2015-11-08 00:10:07;2015-11-08 09:11:14;95%;9:01;:);;0;7657
2015-11-08 22:37:37;2015-11-09 05:37:16;71%;6:59;:);;0;4959
2015-11-09 22:45:29;2015-11-10 05:46:16;60%;7:00;:|;;0;10985
2015-11-10 22:08:08;2015-11-10 22:29:15;5%;0:21;;;0;6839
2015-11-10 22:29:32;2015-11-11 05:53:04;64%;7:23;:);;0;0
2015-11-11 22:38:02;2015-11-12 06:00:17;32%;7:22;:(;;0;12565
2015-11-15 22:44:03;2015-11-16 05:58:27;79%;7:14;:|;;0;4284
2015-11-16 22:34:29;2015-11-17 05:36:17;77%;7:01;:);;0;9353
2015-11-17 22:12:48;2015-11-18 05:43:36;80%;7:30;:|;;0;6589
2015-11-18 22:10:03;2015-11-19 05:43:29;81%;7:33;:|;;0;5242
2015-11-19 23:07:34;2015-11-20 05:43:17;66%;6:35;:|;;0;4346
2015-11-22 01:35:44;2015-11-22 18:40:39;99%;17:04;:);;0;8614
2015-11-22 22:21:44;2015-11-23 05:43:33;82%;7:21;:);;0;0
2015-11-23 22:41:02;2015-11-24 05:25:43;75%;6:44;:);;0;4782
2015-11-24 22:35:27;2015-11-25 05:37:57;78%;7:02;:);;0;4632
2015-11-25 22:30:13;2015-11-26 05:33:49;71%;7:03;:);;0;4157
2015-11-26 22:20:37;2015-11-27 05:35:53;78%;7:15;:);;0;3062
2015-12-05 22:03:48;2015-12-06 11:37:23;91%;13:33;:);;0;9304
2015-12-08 22:38:09;2015-12-09 05:42:57;77%;7:04;:);;0;5937
2015-12-09 22:34:26;2015-12-10 05:45:07;70%;7:10;:);;0;5172
2015-12-10 22:18:19;2015-12-11 05:30:45;79%;7:12;:);;0;5427
2015-12-13 22:12:46;2015-12-14 05:27:52;77%;7:15;:);;0;7945
2015-12-14 22:32:15;2015-12-15 05:42:27;69%;7:10;:);;0;6762
2015-12-15 23:58:58;2015-12-16 05:28:46;64%;5:29;:|;;0;9946
2015-12-16 21:34:45;2015-12-17 06:03:53;68%;8:29;:);;0;6486
2015-12-17 22:26:59;2015-12-18 06:13:47;90%;7:46;:);;0;7675
2015-12-19 21:50:34;2015-12-20 07:18:28;68%;9:27;:);;0;3628
2016-01-03 23:32:34;2016-01-04 05:40:09;74%;6:07;:|;;0;473
2016-01-04 23:10:18;2016-01-05 05:40:05;71%;6:29;:(;;0;6436
2016-01-05 22:40:42;2016-01-06 05:32:27;76%;6:51;:);;0;7153
2016-01-06 23:11:50;2016-01-07 05:43:12;63%;6:31;:|;;0;7985
2016-01-07 23:44:46;2016-01-08 05:45:38;62%;6:00;:);;0;10776
2016-01-08 22:23:47;2016-01-09 07:27:01;100%;9:03;:(;;0;7086
2016-01-10 23:19:15;2016-01-11 05:38:47;68%;6:19;:|;;0;10801
2016-01-11 22:37:42;2016-01-12 05:38:43;83%;7:01;:);;0;9836
2016-01-12 22:47:09;2016-01-13 05:32:03;72%;6:44;:);;0;6686
2016-01-13 21:52:01;2016-01-14 05:30:39;71%;7:38;:);;0;4737
2016-01-14 21:55:59;2016-01-15 05:30:55;77%;7:34;:);;0;4340
2016-01-16 23:15:32;2016-01-17 07:43:25;100%;8:27;:);;0;3279
2016-01-17 21:59:56;2016-01-18 05:44:52;93%;7:44;:);;0;8304
2016-01-18 22:07:30;2016-01-19 05:44:04;73%;7:36;:|;Normal Day;0;5824
2016-01-19 21:58:49;2016-01-20 05:31:19;76%;7:32;:(;Normal Day;0;5850
2016-01-20 22:15:19;2016-01-21 05:29:18;76%;7:13;:);Ate late;0;6380
2016-01-21 22:56:23;2016-01-22 05:29:50;74%;6:33;:);Stressful day;0;4926
2016-01-24 21:46:07;2016-01-25 05:30:57;80%;7:44;:);Ate late;0;12667
2016-01-25 21:54:05;2016-01-26 05:36:15;72%;7:42;:);Normal Day;0;5883
2016-01-26 22:16:31;2016-01-27 05:30:44;75%;7:14;:);Normal Day;0;7929
2016-01-27 22:12:46;2016-01-28 05:31:05;81%;7:18;:);Normal Day;0;5879
2016-01-28 22:22:20;2016-01-29 05:30:38;66%;7:08;:|;Good day;0;7693
2016-01-29 22:03:36;2016-01-30 05:58:33;90%;7:54;:);Normal Day;0;8936
2016-01-31 22:24:19;2016-02-01 05:30:40;65%;7:06;:);Was tired;0;2586
2016-02-01 22:15:31;2016-02-02 05:31:01;79%;7:15;:|;Normal Day;0;7016
2016-02-02 23:39:36;2016-02-03 08:00:31;93%;8:20;:);Normal Day;0;9528
2016-02-03 22:01:58;2016-02-04 05:43:58;62%;7:42;:|;Stressless Day;0;4919
2016-02-04 23:39:55;2016-02-05 05:30:59;52%;5:51;:|;Normal Day;0;6492
2016-02-05 22:12:01;2016-02-06 07:17:12;100%;9:05;:);Was tired;0;7937
2016-02-06 22:50:35;2016-02-07 08:54:49;84%;10:04;:(;Did Sport;0;9289
2016-02-07 22:27:45;2016-02-08 05:44:08;65%;7:16;:);Normal Day;0;7030
2016-02-09 22:39:53;2016-02-10 05:44:05;66%;7:04;:(;Stressful day:Was tired;0;2842
2016-02-10 22:31:37;2016-02-11 05:43:58;80%;7:12;:);Stressful day;0;5633
2016-02-11 22:50:55;2016-02-12 05:38:20;73%;6:47;:);Stressful day;0;9282
2016-02-21 22:08:47;2016-02-22 05:44:07;82%;7:35;:|;Normal Day;0;7825
2016-02-22 22:21:32;2016-02-23 05:44:26;78%;7:22;:);Normal Day;0;5344
2016-02-23 22:10:21;2016-02-24 05:44:09;77%;7:33;:);Normal Day;0;5117
2016-02-25 23:00:36;2016-02-26 05:34:26;75%;6:33;:);Normal Day;0;5851
2016-02-26 22:09:52;2016-02-27 06:09:13;84%;7:59;:(;Normal Day;0;10346
2016-02-28 03:28:21;2016-02-28 09:37:54;58%;6:09;:|;Normal Day;0;7319
2016-02-28 22:07:02;2016-02-29 05:44:04;78%;7:37;:);Normal Day;0;3980
2016-02-29 22:08:05;2016-03-01 05:38:29;79%;7:30;:|;Normal Day;0;7034
2016-03-01 22:10:26;2016-03-02 05:45:21;72%;7:34;:|;Normal Day;0;4915
2016-03-02 23:13:18;2016-03-03 05:34:56;67%;6:21;:|;Normal Day;0;6986
2016-03-03 05:56:17;2016-03-03 06:42:08;10%;0:45;:);Normal Day;0;0
2016-03-03 22:01:23;2016-03-04 05:44:08;78%;7:42;:);Normal Day;0;5619
2016-03-06 22:26:50;2016-03-07 05:44:58;74%;7:18;:);Stressless Day;0;4273
2016-03-07 22:16:41;2016-03-08 05:44:09;77%;7:27;:);Normal Day;0;653
2016-03-09 22:44:00;2016-03-10 05:37:52;70%;6:53;:);Stressful day;0;6983
2016-03-10 22:18:23;2016-03-11 05:40:50;72%;7:22;:);Normal Day;0;6882
2016-03-13 22:17:55;2016-03-14 05:43:59;85%;7:26;:);Stressless Day;0;11027
2016-03-14 22:25:19;2016-03-15 05:35:36;75%;7:10;:);Normal Day;0;12218
2016-03-17 22:27:36;2016-03-18 05:42:04;75%;7:14;:);Normal Day;0;5044
2016-03-20 22:35:37;2016-03-21 05:38:10;57%;7:02;:|;Normal Day;0;12142
2016-03-21 22:16:50;2016-03-22 05:44:28;59%;7:27;:);Normal Day;0;156
2016-03-22 22:10:42;2016-03-23 05:30:36;88%;7:19;:);Normal Day;0;6998
2016-03-23 22:09:33;2016-03-24 05:45:20;86%;7:35;:|;Normal Day;0;9994
2016-03-25 22:17:48;2016-03-26 08:10:42;58%;9:52;:|;Good day;0;23583
2016-03-27 22:36:52;2016-03-28 05:45:27;49%;7:08;:|;Ate late:Did Sport:Good day;0;29230
2016-03-28 22:03:17;2016-03-28 23:29:41;18%;1:26;:);Normal Day;0;4433
2016-03-28 23:31:45;2016-03-29 05:44:39;63%;6:12;:);Normal Day;0;0
2016-03-29 22:36:58;2016-03-30 05:45:10;71%;7:08;:);Normal Day;0;3148
2016-03-30 22:50:50;2016-03-31 05:44:12;80%;6:53;:);Was tired;0;6555
2016-03-31 22:58:33;2016-04-01 05:45:09;66%;6:46;:|;Was tired;0;9918
2016-04-03 00:41:15;2016-04-03 09:07:18;87%;8:26;:);Stressless Day;0;363
2016-04-04 22:15:04;2016-04-05 05:45:10;83%;7:30;:|;Normal Day:Was tired;0;6668
2016-04-05 22:37:01;2016-04-06 05:44:22;75%;7:07;:|;Normal Day;0;8075
2016-04-06 22:19:04;2016-04-07 05:45:02;82%;7:25;:);Stressful day;0;9248
2016-04-07 22:09:17;2016-04-08 05:43:46;76%;7:34;:);Stressful day;0;9420
2016-04-10 22:18:38;2016-04-11 05:41:34;78%;7:22;:);Stressless Day;0;13538
2016-04-11 22:22:19;2016-04-12 05:39:58;77%;7:17;:);Normal Day;0;6195
2016-04-12 21:58:29;2016-04-13 05:34:42;79%;7:36;:);Normal Day;0;4638
2016-04-13 22:49:02;2016-04-14 05:42:35;73%;6:53;:);Stressful day;0;29
2016-04-14 22:27:02;2016-04-15 05:44:01;73%;7:16;:);Normal Day;0;5946
2016-04-16 01:14:32;2016-04-16 12:44:26;94%;11:29;:);Normal Day;0;4775
2016-04-17 00:49:36;2016-04-17 08:58:54;76%;8:09;:|;Stressless Day;0;1291
2016-04-17 21:38:48;2016-04-18 05:45:02;81%;8:06;:);Stressless Day;0;383
2016-04-18 22:10:35;2016-04-19 05:42:20;79%;7:31;:);Normal Day;0;5642
2016-04-19 22:11:11;2016-04-20 05:44:03;91%;7:32;:);Normal Day;0;2862
2016-04-20 22:29:06;2016-04-21 06:29:28;75%;8:00;:);Normal Day;0;10009
2016-04-22 00:58:01;2016-04-22 06:37:17;68%;5:39;:(;Normal Day;0;2521
2016-04-25 00:04:39;2016-04-25 06:31:39;78%;6:27;:|;Stressless Day;0;6774
2016-04-25 21:54:14;2016-04-26 05:44:56;79%;7:50;:);Normal Day;0;10167
2016-04-26 22:15:01;2016-04-27 05:34:27;73%;7:19;:);Normal Day;0;3692
2016-04-27 22:39:02;2016-04-28 05:43:57;86%;7:04;:|;Normal Day;0;5850
2016-04-28 22:21:58;2016-04-29 05:32:18;82%;7:10;:);Normal Day;0;5674
2016-05-01 22:00:21;2016-05-02 05:30:37;79%;7:30;:(;Stressless Day;0;14522
2016-05-02 23:09:09;2016-05-03 06:15:25;69%;7:06;:);Normal Day;0;5422
2016-05-03 22:35:30;2016-05-04 06:18:03;84%;7:42;:);Stressless Day;0;4784
2016-05-10 23:03:07;2016-05-11 05:44:05;72%;6:40;:|;;0;4091
2016-05-11 22:16:46;2016-05-12 05:44:05;70%;7:27;:(;Normal Day:Was tired;0;4345
2016-05-12 22:49:30;2016-05-13 05:22:12;72%;6:32;:);Normal Day;0;3070
2016-05-13 23:39:47;2016-05-14 07:16:49;89%;7:37;:);Stressful day;0;9619
2016-05-14 22:23:09;2016-05-15 03:57:41;64%;5:34;:);Stressless Day;0;2561
2016-05-30 22:13:19;2016-05-31 05:41:56;71%;7:28;:|;Normal Day:Was tired;0;2362
2016-05-31 22:25:18;2016-06-01 05:36:40;85%;7:11;:);Normal Day;0;2251
2016-06-01 22:08:16;2016-06-02 05:45:00;81%;7:36;:);Normal Day;0;4593
2016-06-02 21:49:57;2016-06-03 05:43:14;96%;7:53;:);Normal Day;0;4656
2016-06-07 22:07:42;2016-06-08 05:37:37;88%;7:29;:(;;0;2717
2016-06-08 22:16:42;2016-06-09 05:43:44;92%;7:27;:);Normal Day;0;7008
2016-06-09 22:36:19;2016-06-10 05:32:17;85%;6:55;:|;Normal Day;0;5547
2016-06-15 22:28:44;2016-06-16 05:37:33;79%;7:08;:);Normal Day;0;5107
2016-06-16 22:52:56;2016-06-17 05:22:28;74%;6:29;:);Normal Day;0;5895
2016-06-21 21:16:52;2016-06-22 05:28:30;94%;8:11;:);Normal Day;0;813
2016-06-22 23:04:17;2016-06-23 05:16:35;70%;6:12;:|;Stressful day;0;3513
2016-06-24 00:05:40;2016-06-24 06:39:00;76%;6:33;:|;Ate late:Was tired;0;13611
2016-06-25 03:50:49;2016-06-25 13:56:00;100%;10:05;:|;Ate late:Stressful day:Was tired;0;6361
2016-06-26 07:50:02;2016-06-26 13:45:02;0%;0:00;;Ate late:Was tired;0;397
2016-06-29 08:51:27;2016-06-29 14:25:40;57%;5:34;:);Normal Day;0;17
2016-06-30 07:49:31;2016-06-30 14:16:58;59%;6:27;:);Normal Day;0;547
2016-07-06 22:38:33;2016-07-07 05:32:31;80%;6:53;:(;Stressful day;0;5606
2016-07-11 22:48:45;2016-07-12 06:39:39;92%;7:50;:);Stressful day;0;6670
2016-07-17 22:13:04;2016-07-18 05:38:07;84%;7:25;:);Stressless Day:Was tired;0;3249
2016-07-18 22:21:23;2016-07-19 05:44:02;82%;7:22;:);Normal Day;0;9973
2016-07-19 23:01:11;2016-07-20 06:15:24;72%;7:14;:|;Stressful day:Was tired;0;1703
2016-07-20 22:08:50;2016-07-21 05:56:14;91%;7:47;:|;Stressful day:Was tired;0;2501
2016-07-21 22:25:03;2016-07-22 07:07:41;91%;8:42;:);Stressful day:Was tired;0;3703
2016-07-24 23:07:03;2016-07-25 05:45:46;75%;6:38;:|;Stressless Day;0;3425
2016-07-25 23:10:03;2016-07-26 05:30:15;74%;6:20;:|;Normal Day;0;3564
2016-07-26 22:22:34;2016-07-27 05:29:05;87%;7:06;:);Normal Day;0;5633
2016-07-27 22:15:27;2016-07-28 05:30:13;77%;7:14;:);Normal Day;0;5648
2016-07-28 22:27:06;2016-07-29 05:30:04;72%;7:02;:);Normal Day;0;4046
2016-07-30 03:11:47;2016-07-30 09:16:14;70%;6:04;:|;Normal Day;0;5420
2016-08-01 22:33:59;2016-08-02 05:41:07;82%;7:07;:(;Stressless Day;0;7757
2016-08-02 21:56:42;2016-08-03 05:37:50;90%;7:41;:|;Normal Day;0;3012
2016-08-03 22:37:47;2016-08-04 05:41:09;81%;7:03;:);Normal Day;0;10907
2016-08-06 21:23:02;2016-08-07 04:04:11;70%;6:41;:|;Stressless Day;0;1662
2016-08-07 21:31:49;2016-08-08 05:36:33;94%;8:04;:|;Did Sport;0;24078
2016-08-28 22:19:15;2016-08-29 05:40:55;55%;7:21;:(;Stressless Day;0;6070
2016-08-29 22:23:54;2016-08-30 05:43:30;85%;7:19;:);Normal Day;0;7986
2016-08-30 22:24:10;2016-08-31 05:45:00;73%;7:20;:|;Normal Day;0;7512
2016-08-31 22:07:52;2016-09-01 05:42:27;87%;7:34;:);Normal Day;0;7042
2016-09-01 22:36:28;2016-09-02 02:56:22;44%;4:19;:(;Normal Day;0;8398
2016-09-04 21:43:27;2016-09-05 05:37:33;88%;7:54;:|;Normal Day;0;11162
2016-09-05 22:44:36;2016-09-06 07:35:56;91%;8:51;:|;Just Bad Day;0;7945
2016-09-06 22:15:56;2016-09-07 06:04:47;92%;7:48;:|;Normal Day;0;8420
2016-09-07 22:46:33;2016-09-08 06:14:50;88%;7:28;:);Normal Day;0;3581
2016-09-08 22:23:59;2016-09-09 05:37:35;82%;7:13;:);Normal Day;0;4153
2016-09-11 22:57:42;2016-09-12 06:54:21;95%;7:56;:);Normal Day;0;4008
2016-09-12 22:29:52;2016-09-13 05:38:56;84%;7:09;:);Normal Day;0;4365
2016-09-14 22:03:27;2016-09-15 05:36:40;87%;7:33;:);Normal Day:Stressful day;0;5551
2016-09-15 23:28:27;2016-09-16 05:29:59;58%;6:01;:);Stressful day;0;8434
2016-09-18 22:07:41;2016-09-19 05:40:25;83%;7:32;:);Stressless Day;0;11270
2016-09-19 22:24:34;2016-09-20 05:20:10;72%;6:55;:(;Stressful day;0;4370
2016-09-20 22:29:49;2016-09-21 05:40:47;69%;7:10;:);Stressful day;0;8553
2016-09-21 22:09:55;2016-09-22 05:34:42;83%;7:24;:);Normal Day;0;7400
2016-09-22 22:37:34;2016-09-23 05:41:04;78%;7:03;:);Normal Day;0;2273
2016-09-25 22:29:09;2016-09-26 05:35:11;80%;7:06;:);Stressless Day;0;3686
2016-09-26 22:31:45;2016-09-27 05:36:00;68%;7:04;:|;Normal Day;0;6657
2016-09-27 22:34:45;2016-09-28 05:43:58;73%;7:09;:|;Normal Day;0;6323
2016-09-28 22:34:37;2016-09-29 05:44:01;57%;7:09;:);Stressful day;0;7929
2016-09-29 22:29:36;2016-09-30 05:41:10;77%;7:11;:);Stressful day;0;7076
2016-10-02 22:15:53;2016-10-03 05:45:05;65%;7:29;:);Stressless Day;0;327
2016-10-03 21:51:50;2016-10-04 05:40:37;73%;7:48;:|;Normal Day;0;2105
2016-10-04 22:31:45;2016-10-05 05:46:25;57%;7:14;:|;Normal Day;0;5778
2016-10-05 22:31:51;2016-10-06 05:44:09;64%;7:12;:|;Ate late:Was tired;0;3422
2016-10-09 01:40:07;2016-10-09 09:01:17;79%;7:21;:|;Stressless Day;0;3030
2016-10-09 22:41:32;2016-10-10 05:43:24;74%;7:01;:(;Normal Day;0;6988
2016-10-10 21:39:52;2016-10-11 05:34:18;87%;7:54;:|;Normal Day;0;2033
2016-10-11 22:30:57;2016-10-12 05:45:25;75%;7:14;:(;Normal Day;0;3739
2016-10-12 22:48:18;2016-10-13 05:43:24;67%;6:55;:|;Normal Day;0;4634
2016-10-13 22:25:15;2016-10-14 05:44:01;62%;7:18;:);Normal Day;0;2657
2016-10-16 22:16:01;2016-10-17 05:32:14;82%;7:16;:|;Normal Day;0;7340
2016-10-17 22:21:07;2016-10-18 05:35:27;76%;7:14;:|;Normal Day;0;3300
2016-10-18 23:12:40;2016-10-19 05:45:33;53%;6:32;:|;Ate late:Did Sport:Normal Day;0;11935
2016-10-20 22:36:16;2016-10-21 05:44:34;84%;7:08;:|;Normal Day;0;1378
2016-10-23 22:04:10;2016-10-24 05:35:41;80%;7:31;:|;Did Sport:Good day:Stressless Day;0;3832
2016-10-24 21:58:00;2016-10-25 05:44:20;67%;7:46;:(;Normal Day;0;3185
2016-10-25 23:32:43;2016-10-26 05:44:09;59%;6:11;:|;Normal Day;0;5906
2016-10-26 22:01:23;2016-10-27 05:35:57;82%;7:34;:|;Stressful day;0;3796
2016-10-27 22:38:59;2016-10-28 05:37:34;74%;6:58;:|;Normal Day;0;4442
2016-10-30 21:17:46;2016-10-31 05:45:23;73%;8:27;:|;Just Bad Day:Stressless Day:Was tired;0;4504
2016-11-01 22:18:24;2016-11-02 05:38:51;65%;7:20;:|;Stressless Day;0;2690
2016-11-02 21:37:12;2016-11-02 22:06:13;0%;0:00;;Normal Day;0;5302
2016-11-02 22:13:00;2016-11-03 05:34:28;80%;7:21;:|;Just Bad Day:Was tired;0;0
2016-11-03 22:41:36;2016-11-04 05:34:32;63%;6:52;:|;;0;4961
2016-11-06 22:53:26;2016-11-07 05:37:25;60%;6:43;:|;Good day:Stressless Day;0;1325
2016-11-07 22:26:54;2016-11-08 05:41:59;77%;7:15;:|;Normal Day;0;2434
2016-11-09 23:00:58;2016-11-10 05:32:32;70%;6:31;:|;Normal Day:Was tired;0;3951
2016-11-10 23:40:08;2016-11-11 05:36:17;67%;5:56;:|;Normal Day;0;3846
2016-11-13 22:19:03;2016-11-14 05:32:53;71%;7:13;:|;Stressless Day;0;8862
2016-11-14 22:51:23;2016-11-15 05:59:07;57%;7:07;:|;Ate late:Stressful day:Was tired;0;10884
2016-11-15 05:59:19;2016-11-15 06:51:58;11%;0:52;:|;;0;0
2016-11-15 23:10:24;2016-11-16 06:52:31;85%;7:42;:|;Stressful day;0;6858
2016-11-17 00:20:20;2016-11-17 06:49:20;68%;6:29;:|;Normal Day;0;6462
2016-11-17 22:42:06;2016-11-18 05:44:49;78%;7:02;:|;Stressful day:Was tired;0;6098
2016-11-20 22:26:29;2016-11-21 05:42:50;63%;7:16;:|;Stressless Day;0;1074
2016-11-21 22:27:54;2016-11-22 05:33:48;77%;7:05;:|;Normal Day;0;2017
2016-11-22 22:24:35;2016-11-23 05:39:19;67%;7:14;:|;Normal Day;0;1463
2016-11-23 22:42:57;2016-11-24 05:35:47;70%;6:52;:|;Normal Day;0;5197
2016-11-24 22:39:16;2016-11-25 05:40:25;74%;7:01;:|;Stressful day;0;8864
2016-11-27 22:16:25;2016-11-28 05:37:04;72%;7:20;:|;Normal Day;0;797
2016-11-28 22:02:46;2016-11-29 05:32:52;83%;7:30;:|;Normal Day;0;3056
2016-11-29 22:24:23;2016-11-30 05:11:52;72%;6:47;:|;Stressful day;0;3389
2016-11-30 22:12:30;2016-12-01 07:02:36;82%;8:50;:(;Normal Day;0;2058
2016-12-01 21:56:31;2016-12-02 05:56:38;81%;8:00;:|;Ate late:Stressful day:Was tired;0;1501
2016-12-04 22:15:24;2016-12-05 05:45:25;74%;7:30;:(;Stressless Day;0;1148
2016-12-06 05:03:43;2016-12-06 05:39:43;9%;0:35;:|;Normal Day;0;5374
2016-12-11 22:31:10;2016-12-12 05:44:19;80%;7:13;:|;Stressless Day;0;905
2016-12-12 22:28:20;2016-12-13 05:38:10;82%;7:09;:|;Stressful day;0;2914
2016-12-13 20:57:18;2016-12-14 05:41:07;98%;8:43;:|;Stressless Day;0;2867
2016-12-14 22:50:59;2016-12-15 05:44:35;78%;6:53;:);Normal Day;0;3809
2016-12-15 23:03:23;2016-12-16 05:37:34;61%;6:34;:|;Stressful day;0;2724
2016-12-17 02:00:48;2016-12-17 12:15:38;100%;10:14;:|;Stressful day:Was tired;0;6768
2016-12-18 01:03:45;2016-12-18 10:04:29;86%;9:00;:);Stressless Day;0;695
2016-12-18 21:45:21;2016-12-19 05:43:55;70%;7:58;:|;Stressful day;0;5656
2016-12-19 20:42:07;2016-12-20 05:00:33;76%;8:18;:(;Normal Day;0;3775
2016-12-21 22:58:29;2016-12-22 05:39:36;52%;6:41;:(;Good day:Stressless Day;0;1007
2016-12-22 22:46:13;2016-12-23 05:59:17;64%;7:13;:|;Stressful day:Was tired;0;2613
2016-12-24 01:23:18;2016-12-24 08:37:38;81%;7:14;:|;Stressful day:Was tired;0;2489
2017-01-08 22:07:41;2017-01-09 05:44:40;87%;7:36;:(;Good day:Stressless Day;0;273
2017-01-10 22:40:45;2017-01-11 05:39:18;76%;6:58;:|;Normal Day;0;1981
2017-01-11 21:59:11;2017-01-12 07:37:48;100%;9:38;:);Normal Day;0;1403
2017-01-12 22:45:27;2017-01-13 05:39:39;69%;6:54;:(;Normal Day;0;4169
2017-01-15 23:01:19;2017-01-16 05:44:01;74%;6:42;:|;Normal Day;0;1430
2017-01-16 22:13:00;2017-01-17 05:44:11;87%;7:31;:|;Normal Day;0;2134
2017-01-19 03:38:20;2017-01-19 05:43:57;25%;2:05;:|;;0;8241
2017-01-19 22:32:10;2017-01-20 05:36:44;70%;7:04;:(;Normal Day;0;2663
2017-01-20 22:47:55;2017-01-21 06:56:38;78%;8:08;:|;Normal Day;0;2683
2017-01-22 22:04:46;2017-01-23 05:33:47;77%;7:29;:|;Normal Day:Stressless Day;0;5528
2017-01-23 22:08:28;2017-01-24 05:43:59;77%;7:35;:|;Stressless Day;0;2938
2017-01-25 22:31:02;2017-01-26 05:33:49;65%;7:02;:|;Ate late:Did Sport;0;9835
2017-01-27 22:39:59;2017-01-28 05:47:19;64%;7:07;:);Normal Day:Was tired;0;6330
2017-01-29 22:29:04;2017-01-30 05:34:48;65%;7:05;:|;Normal Day;0;6418
2017-01-30 22:07:46;2017-01-31 05:27:08;76%;7:19;:(;Normal Day;0;6793
2017-01-31 22:40:04;2017-02-01 06:30:10;90%;7:50;:|;Ate late:Stressful day:Was tired;0;889
2017-02-01 22:23:38;2017-02-02 06:19:31;79%;7:55;:|;Normal Day;0;1221
2017-02-02 23:28:33;2017-02-03 06:21:59;62%;6:53;:|;Normal Day:Stressless Day;0;2708
2017-02-05 22:04:43;2017-02-06 05:32:49;71%;7:28;:|;Ate late:Did Sport:Stressless Day;0;650
2017-02-06 22:03:46;2017-02-07 05:44:06;72%;7:40;:|;Normal Day;0;4719
2017-02-07 22:22:45;2017-02-08 05:44:01;67%;7:21;:|;Normal Day;0;4118
2017-02-08 22:48:04;2017-02-09 05:32:48;68%;6:44;;Normal Day;0;4251
2017-02-09 22:04:48;2017-02-10 05:35:32;90%;7:30;:|;Stressless Day;0;4013
2017-02-11 22:03:55;2017-02-12 06:29:09;86%;8:25;:|;Stressless Day;0;2923
2017-02-12 22:08:17;2017-02-13 06:59:25;100%;8:51;:|;Did Sport;0;11194
2017-02-13 22:10:31;2017-02-14 06:59:04;87%;8:48;:|;Did Sport;0;11146
2017-02-14 22:19:56;2017-02-15 06:52:39;96%;8:32;:|;Stressless Day;0;8728
2017-02-15 21:39:06;2017-02-16 06:59:06;86%;9:19;:|;Did Sport:Was tired;0;2908
2017-02-19 22:08:50;2017-02-20 05:38:06;84%;7:29;:|;Stressless Day;0;1659
2017-02-20 22:38:17;2017-02-21 05:30:57;67%;6:52;:(;Normal Day;0;3697
2017-02-21 22:41:12;2017-02-22 05:45:15;65%;7:04;:(;Normal Day;0;4250
2017-02-22 22:13:32;2017-02-23 05:33:57;79%;7:20;:(;Normal Day;0;3955
2017-02-23 22:42:03;2017-02-24 05:44:01;69%;7:01;:|;Normal Day;0;3632
2017-02-26 03:11:49;2017-02-26 08:47:35;51%;5:35;:(;Ate late:Stressful day:Was tired;0;4934
2017-02-26 22:34:51;2017-02-27 05:43:59;72%;7:09;:|;Did Sport:Normal Day:Was tired;0;986
2017-02-27 23:05:55;2017-02-28 05:44:13;60%;6:38;:(;Normal Day;0;2705
2017-02-28 22:58:12;2017-03-01 05:45:00;64%;6:46;:(;Normal Day;0;3881
2017-03-01 22:34:38;2017-03-02 05:43:57;78%;7:09;:|;Normal Day;0;4684
2017-03-02 22:47:43;2017-03-03 05:43:55;84%;6:56;;Normal Day;0;3122
2017-03-05 22:29:01;2017-03-06 05:44:21;82%;7:15;:|;Stressless Day:Was tired;0;9480
2017-03-06 22:18:18;2017-03-07 05:33:43;87%;7:15;:|;Normal Day;0;2903
2017-03-07 22:14:57;2017-03-08 05:44:08;85%;7:29;:);Normal Day;0;2015
2017-03-08 22:42:07;2017-03-09 05:35:49;85%;6:53;:(;Normal Day;0;3356
2017-03-10 00:01:21;2017-03-10 06:08:02;75%;6:06;:|;Was tired;0;3203
2017-03-10 22:31:37;2017-03-11 06:08:21;75%;7:36;:);Was tired;0;2061
2017-03-12 22:22:12;2017-03-13 05:40:07;84%;7:17;:(;Good day:Stressless Day;0;7475
2017-03-13 22:54:59;2017-03-14 05:39:00;81%;6:44;:|;Normal Day;0;4999
2017-03-14 22:38:45;2017-03-15 05:44:16;80%;7:05;:(;Normal Day;0;3493
2017-03-15 22:38:00;2017-03-16 05:34:22;75%;6:56;:|;Normal Day;0;2513
2017-03-17 00:10:12;2017-03-17 05:40:46;65%;5:30;:);Ate late:Stressful day:Was tired;0;8001
2017-03-19 22:32:04;2017-03-20 05:35:26;85%;7:03;:|;Normal Day;0;7710
2017-03-20 21:58:24;2017-03-21 05:31:58;90%;7:33;:);Normal Day;0;4289
2017-03-21 22:33:30;2017-03-22 05:37:07;84%;7:03;:|;Normal Day;0;2545
2017-03-22 22:26:41;2017-03-23 05:36:40;85%;7:09;:|;Normal Day;0;2260
2017-03-23 22:41:50;2017-03-24 05:42:30;66%;7:00;:|;Normal Day;0;4528
2017-03-26 22:39:13;2017-03-27 05:32:38;82%;6:53;:|;Normal Day;0;1375
2017-03-27 22:12:51;2017-03-28 05:44:05;86%;7:31;:|;Ate late:Normal Day;0;2593
2017-03-28 22:31:39;2017-03-29 05:31:59;84%;7:00;:|;Stressful day;0;1011
2017-03-29 22:44:21;2017-03-30 05:39:11;81%;6:54;:);Stressful day;0;2753
2017-03-30 20:40:38;2017-03-31 04:26:26;94%;7:45;:|;Ate late:Stressful day:Was tired;0;4632
2017-04-01 00:01:05;2017-04-01 08:40:23;100%;8:39;:);Just Bad Day:Was tired;0;1261
2017-04-02 00:01:21;2017-04-02 10:09:53;100%;10:08;:);Stressless Day;0;0
2017-04-02 21:48:29;2017-04-03 05:44:03;91%;7:55;:|;Did Sport:Good day:Stressless Day;0;499
2017-04-03 22:24:05;2017-04-04 05:38:17;86%;7:14;:);Normal Day;0;2109
2017-04-04 22:11:53;2017-04-05 05:38:41;86%;7:26;:|;Normal Day;0;3082
2017-04-06 22:10:35;2017-04-07 05:42:24;91%;7:31;:);Normal Day;0;3107
2017-04-09 22:43:38;2017-04-10 05:38:35;74%;6:54;:(;Normal Day;0;4618
2017-04-11 00:05:52;2017-04-11 04:00:23;43%;3:54;:);;0;2145
2017-04-11 21:43:27;2017-04-12 05:38:02;79%;7:54;:|;Stressful day:Was tired;0;7972
2017-04-12 22:06:48;2017-04-13 05:35:21;80%;7:28;:|;Normal Day;0;3206
2017-04-17 22:17:05;2017-04-18 05:34:53;81%;7:17;:(;Normal Day;0;744
2017-04-18 22:31:52;2017-04-19 05:44:10;84%;7:12;:|;Normal Day;0;2980
2017-04-19 22:02:40;2017-04-20 05:36:26;83%;7:33;:(;Normal Day;0;2400
2017-04-20 22:59:38;2017-04-21 05:40:06;64%;6:40;:|;Normal Day;0;2370
2017-04-22 01:41:45;2017-04-22 09:08:25;78%;7:26;:);Normal Day;0;1843
2017-04-23 01:06:50;2017-04-23 08:51:40;72%;7:44;:);Normal Day;0;19861
2017-04-23 22:44:58;2017-04-24 05:44:12;70%;6:59;:|;Did Sport:Good day;0;445
2017-04-24 22:38:37;2017-04-25 05:32:54;80%;6:54;:);Normal Day;0;2389
2017-04-25 22:17:15;2017-04-26 05:44:06;83%;7:26;:|;;0;3018
2017-04-26 22:18:40;2017-04-27 05:37:43;78%;7:19;:(;Normal Day;0;2358
2017-04-27 22:21:30;2017-04-28 05:32:29;86%;7:10;:);Normal Day;0;4203
2017-04-30 22:31:57;2017-05-01 05:37:49;78%;7:05;:|;Stressless Day;0;774
2017-05-01 22:37:28;2017-05-02 05:37:00;77%;6:59;:);;0;3166
2017-05-02 22:41:46;2017-05-03 05:42:30;69%;7:00;:);;0;4659
2017-05-03 22:13:30;2017-05-04 05:38:53;86%;7:25;:|;Normal Day;0;5045
2017-05-04 22:37:58;2017-05-05 05:44:03;75%;7:06;:|;Normal Day;0;3175
2017-05-07 22:39:49;2017-05-08 05:44:17;76%;7:04;:|;Good day;0;4303
2017-05-08 22:58:21;2017-05-09 05:37:06;77%;6:38;:);Normal Day;0;2092
2017-05-10 22:47:13;2017-05-11 05:34:42;79%;6:47;:|;Did Sport:Normal Day;0;1338
2017-05-11 22:06:09;2017-05-12 05:44:09;73%;7:38;:|;Normal Day;0;4016
2017-05-13 23:26:06;2017-05-14 07:01:19;69%;7:35;:);Normal Day;0;11071
2017-05-14 22:14:26;2017-05-15 05:44:05;81%;7:29;:);Normal Day;0;5417
2017-05-17 22:49:01;2017-05-18 05:35:22;66%;6:46;:|;Normal Day;0;2782
2017-05-18 22:30:08;2017-05-19 05:42:15;82%;7:12;:|;Normal Day;0;2203
2017-05-21 22:32:22;2017-05-22 05:44:10;65%;7:11;:);Normal Day;0;10480
2017-05-23 22:14:24;2017-05-24 06:36:21;81%;8:21;:);Normal Day;0;3488
2017-05-28 22:44:00;2017-05-29 05:37:37;58%;6:53;:);;0;2536
2017-05-29 22:38:23;2017-05-30 05:44:13;75%;7:05;:|;;0;3087
2017-05-30 23:01:56;2017-05-31 05:33:20;53%;6:31;:|;Normal Day;0;0
2017-05-31 22:52:17;2017-06-01 05:35:35;61%;6:43;:|;Normal Day;0;2443
2017-06-01 22:22:29;2017-06-02 05:33:00;61%;7:10;:(;Normal Day;0;3219
2017-06-03 01:54:33;2017-06-03 08:56:24;63%;7:01;:|;Stressful day:Was tired;0;2831
2017-06-03 22:56:57;2017-06-04 07:58:58;78%;9:02;:);Normal Day;0;1311
2017-06-06 22:47:30;2017-06-07 05:38:10;71%;6:50;:|;;0;1887
2017-06-07 22:48:26;2017-06-08 05:37:37;69%;6:49;:|;;0;3407
2017-06-09 02:44:56;2017-06-09 06:04:03;33%;3:19;:(;Just Bad Day:Was tired;0;3166
2017-06-11 23:17:04;2017-06-12 05:45:18;57%;6:28;:|;Stressless Day;0;706
2017-06-12 22:00:08;2017-06-13 05:35:54;66%;7:35;:(;;0;3789
2017-06-16 22:24:31;2017-06-17 06:30:40;67%;8:06;:|;Did Sport;0;15182
2017-06-18 22:21:56;2017-06-19 03:21:58;0%;0:00;;Ate late:Stressless Day:Was tired;0;5222
2017-06-19 22:40:29;2017-06-20 05:41:56;62%;7:01;:|;Normal Day:Was tired;0;3610
2017-06-20 23:15:17;2017-06-21 05:44:08;66%;6:28;:);;0;5064
2017-06-21 22:23:30;2017-06-22 05:32:22;66%;7:08;:);Normal Day;0;1933
2017-06-22 22:05:40;2017-06-23 05:44:09;69%;7:38;:|;;0;3250
2017-06-24 21:45:19;2017-06-25 03:50:36;47%;6:05;:|;;0;27519
2017-06-25 21:54:26;2017-06-26 05:35:05;76%;7:40;:(;Stressless Day;0;915
2017-06-27 22:35:11;2017-06-28 05:44:13;55%;7:09;:);Normal Day;0;2817
2017-06-29 22:52:47;2017-06-30 07:23:25;94%;8:30;:|;Stressful day;0;2438
2017-07-01 05:51:05;2017-07-01 14:38:06;0%;0:00;;;0;3571
2017-07-05 07:42:29;2017-07-05 14:22:06;66%;6:39;:|;Normal Day;0;981
2017-07-09 21:50:32;2017-07-10 05:44:03;73%;7:53;:);Stressless Day;0;4750
2017-07-10 22:19:27;2017-07-11 05:45:57;65%;7:26;:);;0;3327
2017-07-11 22:17:14;2017-07-12 05:44:17;84%;7:27;:);;0;3761
2017-07-14 00:56:35;2017-07-14 06:59:05;71%;6:02;:|;;0;4348
2017-07-14 22:26:31;2017-07-15 04:00:21;56%;5:33;:);Ate late:Good day;0;8995
2017-07-16 22:33:42;2017-07-17 05:44:26;78%;7:10;:);Stressless Day:Was tired;0;8299
2017-07-17 22:48:26;2017-07-18 05:38:29;79%;6:50;:|;Stressful day;0;3106
2017-07-18 23:07:03;2017-07-19 05:44:57;72%;6:37;:);Just Bad Day;0;1563
2017-07-19 22:05:15;2017-07-20 05:45:23;86%;7:40;:|;Stressful day;0;2649
2017-07-20 22:00:29;2017-07-21 05:46:03;75%;7:45;:|;Normal Day;0;2228
2017-07-21 23:57:04;2017-07-22 06:59:10;75%;7:02;:|;Normal Day;0;4281
2017-07-23 21:29:38;2017-07-24 05:41:27;95%;8:11;:);Did Sport:Was tired;0;13045
2017-07-24 22:15:57;2017-07-25 05:44:35;82%;7:28;:|;Stressful day;0;3660
2017-07-25 22:00:22;2017-07-26 05:37:47;85%;7:37;:|;Stressful day;0;1447
2017-07-26 22:16:30;2017-07-27 05:44:29;74%;7:27;:|;Normal Day;0;2945
2017-07-28 21:54:56;2017-07-29 05:05:41;55%;7:10;:(;Normal Day;0;9247
2017-07-29 23:28:55;2017-07-30 09:36:00;64%;10:07;:|;Did Sport;0;28487
2017-07-30 22:35:41;2017-07-31 07:45:53;83%;9:10;:|;Normal Day;0;4690
2017-08-01 22:58:54;2017-08-02 05:44:54;70%;6:46;:);Stressless Day;0;6616
2017-08-02 23:12:41;2017-08-03 05:40:05;59%;6:27;:);Normal Day;0;2238
2017-08-03 21:57:52;2017-08-04 05:44:21;73%;7:46;:|;Normal Day;0;3413
2017-08-05 00:06:34;2017-08-05 06:14:39;59%;6:08;:(;;0;1454
2017-08-09 22:20:08;2017-08-10 04:25:32;66%;6:05;:(;Normal Day;0;2794
2017-08-10 21:36:15;2017-08-11 05:39:56;93%;8:03;:);Normal Day;0;6069
2017-08-21 22:21:08;2017-08-22 05:42:10;85%;7:21;:|;Normal Day;0;2696
2017-08-22 22:25:51;2017-08-23 05:41:41;87%;7:15;:|;Normal Day;0;7988
2017-08-23 22:24:47;2017-08-24 05:50:20;79%;7:25;:|;;0;2652
2017-08-24 22:32:57;2017-08-25 05:59:55;85%;7:26;:|;;0;4563
2017-08-27 23:33:45;2017-08-28 07:24:09;69%;7:50;:|;Stressful day:Was tired;0;4899
2017-08-29 00:05:06;2017-08-29 07:30:32;52%;7:25;:|;Normal Day;0;11970
2017-08-30 00:37:15;2017-08-30 07:22:26;29%;6:45;:(;Normal Day;0;5035
2017-08-31 01:07:26;2017-08-31 07:01:37;64%;5:54;:|;Normal Day;0;7470
2017-08-31 22:11:35;2017-09-01 05:51:16;74%;7:39;:(;Normal Day;0;2845
2017-09-03 22:24:21;2017-09-04 05:49:37;77%;7:25;:);Normal Day;0;14285
2017-09-04 22:31:24;2017-09-05 05:42:10;63%;7:10;:);Normal Day;0;4664
2017-09-07 21:50:14;2017-09-07 22:44:16;0%;0:00;;Normal Day;0;2992
2017-09-11 22:09:58;2017-09-12 05:45:35;68%;7:35;:);Normal Day;0;4775
2017-09-12 21:50:33;2017-09-13 05:44:18;82%;7:53;:|;Normal Day;0;2936
2017-09-13 22:37:58;2017-09-14 05:49:38;68%;7:11;:);;0;4162
2017-09-14 23:08:42;2017-09-15 05:45:41;68%;6:36;:|;Normal Day;0;2662
2017-09-15 23:09:51;2017-09-16 07:14:51;79%;8:04;:);Normal Day;0;2520
2017-09-24 21:17:21;2017-09-25 05:44:40;100%;8:27;:);Stressless Day;0;599
2017-09-25 23:24:33;2017-09-26 05:45:08;59%;6:20;:|;;0;3638
2017-09-26 22:47:12;2017-09-27 05:48:11;73%;7:00;:);Normal Day;0;3675
2017-09-27 22:01:18;2017-09-28 05:45:17;55%;7:43;:|;Normal Day;0;4257
2017-09-28 22:01:33;2017-09-29 05:44:44;61%;7:43;:(;Normal Day;0;3771
2017-10-01 21:48:51;2017-10-02 05:42:17;55%;7:53;:);Did Sport:Good day:Stressless Day;0;863
2017-10-02 21:58:04;2017-10-03 05:37:04;81%;7:39;:);Normal Day;0;2351
2017-10-03 23:35:54;2017-10-04 05:39:30;55%;6:03;:);Normal Day;0;3819
2017-10-05 22:52:00;2017-10-06 05:40:06;74%;6:48;:(;Normal Day;0;2537
2017-10-06 23:41:59;2017-10-07 07:59:23;78%;8:17;:(;Normal Day;0;3144
2017-10-08 22:50:33;2017-10-09 05:39:25;69%;6:48;:|;Just Bad Day;0;1776
2017-10-09 22:19:14;2017-10-10 05:44:35;84%;7:25;:(;Normal Day;0;4119
2017-10-10 22:07:52;2017-10-11 05:45:44;73%;7:37;:(;Normal Day;0;5177
2017-10-11 22:14:52;2017-10-12 05:44:42;77%;7:29;:);Normal Day;0;3963
2017-10-12 22:43:02;2017-10-13 05:44:47;83%;7:01;:);Normal Day;0;3279
2017-10-15 22:14:32;2017-10-16 05:40:38;85%;7:26;:|;Normal Day;0;5597
2017-10-16 22:25:16;2017-10-17 05:41:49;85%;7:16;:);Normal Day;0;2071
2017-10-17 22:19:09;2017-10-18 05:44:42;76%;7:25;:(;Normal Day;0;2082
2017-10-18 22:02:09;2017-10-19 05:38:36;70%;7:36;:(;;0;2682
2017-10-20 00:09:20;2017-10-20 05:56:37;65%;5:47;:|;Normal Day;0;3340
2017-10-22 22:05:04;2017-10-23 05:44:27;75%;7:39;:|;Normal Day;0;922
2017-10-23 23:11:47;2017-10-24 06:30:32;67%;7:18;:(;Normal Day;0;4655
2017-10-24 22:49:57;2017-10-25 06:30:51;54%;7:40;:(;Stressful day:Was tired;0;2904
2017-10-27 00:03:35;2017-10-27 03:37:26;39%;3:33;;;0;2957
2017-10-29 22:55:19;2017-10-30 06:00:59;82%;7:05;:);Normal Day;0;1769
2017-11-02 23:30:50;2017-11-03 05:38:16;57%;6:07;:);Normal Day;0;3015
2017-11-05 22:30:16;2017-11-06 05:44:31;73%;7:14;:);Normal Day;0;796
2017-11-06 22:16:21;2017-11-07 05:44:32;89%;7:28;:|;;0;3173
2017-11-07 22:14:46;2017-11-08 05:42:32;86%;7:27;:);Normal Day;0;3031
2017-11-09 22:53:40;2017-11-10 07:23:30;79%;8:29;:);;0;5479
2017-11-12 22:16:28;2017-11-13 06:00:34;87%;7:44;:);Stressless Day;0;395
2017-11-13 23:44:25;2017-11-14 06:00:37;57%;6:16;:|;Normal Day;0;9101
2017-11-14 23:18:22;2017-11-15 06:00:54;68%;6:42;:|;Stressful day:Was tired;0;9278
2017-11-15 23:26:19;2017-11-16 05:59:48;61%;6:33;:(;Normal Day;0;5115
2017-11-19 22:05:39;2017-11-20 05:44:42;79%;7:39;:);Stressless Day:Was tired;0;1271
2017-11-20 22:39:40;2017-11-21 05:44:14;75%;7:04;:(;Stressful day;0;2750
2017-11-21 22:24:23;2017-11-22 05:40:36;73%;7:16;:|;;0;8145
2017-11-22 22:33:10;2017-11-23 05:37:04;72%;7:03;:);Normal Day;0;332
2017-11-23 23:05:40;2017-11-24 05:36:35;69%;6:30;:|;Normal Day;0;5472
2017-11-27 22:13:01;2017-11-28 05:44:31;69%;7:31;:|;;0;6450
2017-11-28 22:15:21;2017-11-29 05:44:34;88%;7:29;:|;Normal Day;0;350
2017-11-29 22:28:43;2017-11-30 05:44:29;75%;7:15;:|;Normal Day;0;7908
2017-11-30 22:21:41;2017-12-01 05:41:23;62%;7:19;:(;;0;6504
2017-12-03 22:32:51;2017-12-04 05:37:08;77%;7:04;:|;;0;9536
2017-12-04 23:23:04;2017-12-05 05:42:28;72%;6:19;:(;Normal Day;0;8023
2017-12-05 22:19:15;2017-12-06 05:41:05;73%;7:21;:|;Normal Day;0;0
2017-12-11 00:32:34;2017-12-11 06:59:38;71%;6:27;:|;Ate late:Stressful day;0;0
2017-12-11 23:55:22;2017-12-12 05:37:36;69%;5:42;:|;;0;0
2017-12-12 22:41:45;2017-12-13 05:41:54;83%;7:00;:);;0;0
2017-12-13 21:28:14;2017-12-14 05:59:45;84%;8:31;:);Normal Day;0;0
2017-12-14 22:47:38;2017-12-15 06:44:29;92%;7:56;:|;;0;0
2017-12-16 22:35:19;2017-12-17 07:29:28;89%;8:54;:);Normal Day;0;0
2017-12-18 22:35:51;2017-12-19 05:42:10;81%;7:06;:|;Normal Day;0;0
2017-12-19 22:25:19;2017-12-20 05:45:55;88%;7:20;:|;Normal Day;0;0
2017-12-20 23:15:52;2017-12-21 05:38:11;74%;6:22;:);Normal Day;0;0
2017-12-21 23:09:46;2017-12-22 07:08:40;91%;7:58;:);Normal Day;0;0
2017-12-25 22:41:49;2017-12-26 08:00:38;100%;9:18;:);Did Sport;0;0
2017-12-30 02:43:56;2017-12-30 08:44:55;71%;6:00;:|;;0;0
2017-12-30 21:25:05;2017-12-31 06:59:41;97%;9:34;:);Normal Day;0;0
2018-01-01 21:58:32;2018-01-02 06:54:58;100%;8:56;:|;Did Sport:Normal Day;0;0
2018-01-06 22:28:48;2018-01-07 06:22:37;86%;7:53;:(;Did Sport:Normal Day;0;0
2018-01-07 22:32:23;2018-01-08 05:43:38;72%;7:11;:(;Did Sport:Normal Day;0;0
2018-01-08 22:09:09;2018-01-09 05:43:46;78%;7:34;:|;;0;0
2018-01-09 22:20:42;2018-01-10 05:39:29;75%;7:18;:|;;0;0
2018-01-10 22:41:15;2018-01-11 05:39:36;72%;6:58;:|;Normal Day;0;0
2018-01-11 22:21:20;2018-01-12 05:41:31;85%;7:20;;;0;0
2018-01-12 22:06:04;2018-01-13 03:55:00;60%;5:48;:|;Normal Day;0;0
2018-01-15 23:15:58;2018-01-16 05:41:29;70%;6:25;:|;;0;0
2018-01-16 22:22:46;2018-01-17 05:45:46;73%;7:23;:|;Normal Day;0;0
2018-01-17 22:23:55;2018-01-18 05:45:41;88%;7:21;:|;Normal Day;0;0
2018-01-18 20:49:22;2018-01-19 05:40:11;71%;8:50;:(;;0;0
2018-01-21 22:31:13;2018-01-22 05:44:01;75%;7:12;:|;;0;0
2018-01-22 22:09:57;2018-01-23 05:37:08;88%;7:27;:|;;0;0
2018-01-23 22:08:44;2018-01-24 05:32:39;81%;7:23;:);;0;0
2018-01-24 22:12:51;2018-01-25 04:51:06;77%;6:38;:|;Normal Day;0;0
2018-01-25 22:36:15;2018-01-26 05:59:36;77%;7:23;:);;0;0
2018-01-26 22:11:00;2018-01-27 06:44:38;85%;8:33;:);Ate late:Was tired;0;0
2018-01-27 22:19:41;2018-01-28 06:44:23;92%;8:24;:);Normal Day;0;0
2018-01-28 22:29:56;2018-01-29 06:45:51;94%;8:15;:|;Normal Day;0;0
2018-01-30 22:30:29;2018-01-31 05:43:56;82%;7:13;:(;Angry Day:Did Sport;0;0
2018-02-01 22:45:12;2018-02-02 05:37:01;77%;6:51;:|;Angry Day:Stressful day:Was tired;0;0
2018-02-03 21:54:38;2018-02-04 07:28:35;100%;9:33;:);Did Sport:Was tired;0;0
2018-02-04 22:25:53;2018-02-05 05:41:03;83%;7:15;:);;0;0
2018-02-05 22:28:51;2018-02-06 05:43:52;75%;7:15;:);;0;0
2018-02-06 22:20:24;2018-02-07 05:38:36;77%;7:18;:|;;0;0
2018-02-07 22:17:41;2018-02-08 05:44:37;74%;7:26;:(;;0;0
2018-02-11 22:07:05;2018-02-12 05:45:01;79%;7:37;:);Good day:Stressless Day;0;0
2018-02-12 22:04:31;2018-02-13 05:37:52;63%;7:33;:|;Normal Day;0;0
2018-02-13 21:54:34;2018-02-14 05:41:49;73%;7:47;:);;0;0
2018-02-14 22:03:50;2018-02-15 05:39:46;87%;7:35;:);;0;0
2018-02-15 22:47:49;2018-02-16 05:39:53;73%;6:52;:);Normal Day:Was tired;0;0
2018-02-18 22:06:27;2018-02-19 05:37:03;76%;7:30;:|;Just Bad Day:Was tired;0;0
2018-02-19 22:13:20;2018-02-20 06:45:17;97%;8:31;:);;0;0
2018-02-20 21:54:01;2018-02-21 05:39:29;85%;7:45;:);;0;0
2018-02-21 22:22:58;2018-02-22 05:36:43;84%;7:13;:);Good day;0;0
2018-02-22 22:46:10;2018-02-23 05:40:19;70%;6:54;:);;0;0
2018-02-23 22:33:43;2018-02-24 07:25:27;94%;8:51;:);Normal Day:Was tired;0;0
2018-02-25 22:36:40;2018-02-26 05:44:43;84%;7:08;:);Good day;0;0
2018-02-26 22:25:54;2018-02-27 05:44:43;85%;7:18;:);;0;0
2018-02-27 22:21:44;2018-02-28 05:40:15;73%;7:18;:|;Good day;0;0
2018-02-28 22:26:55;2018-03-01 05:36:22;74%;7:09;:|;Normal Day:Was tired;0;0
2018-03-01 23:10:48;2018-03-02 05:44:35;68%;6:33;:|;;0;0
2018-03-04 22:13:23;2018-03-05 05:40:33;66%;7:27;:|;Normal Day;0;0
2018-03-05 22:27:15;2018-03-06 06:31:14;78%;8:03;:|;Normal Day;0;0
2018-03-06 23:27:24;2018-03-07 05:57:56;60%;6:30;:|;Normal Day:Was tired;0;0
2018-03-07 21:54:48;2018-03-08 05:44:36;85%;7:49;:);Was tired;0;0
2018-03-09 22:27:56;2018-03-10 07:11:29;86%;8:43;:);Ate late:Stressful day:Was tired;0;0
2018-03-10 22:29:54;2018-03-11 06:52:21;86%;8:22;:|;Normal Day;0;0
2018-03-11 22:15:02;2018-03-12 05:38:57;71%;7:23;:|;Normal Day;0;0
2018-03-12 22:43:55;2018-03-13 05:38:16;67%;6:54;:|;;0;0
2018-03-13 22:11:44;2018-03-14 05:36:25;83%;7:24;:|;Normal Day;0;0
2018-03-14 22:34:19;2018-03-15 06:21:55;80%;7:47;:|;;0;0
2018-03-15 22:44:09;2018-03-16 06:26:05;90%;7:41;:|;;0;0
2018-03-18 21:59:39;2018-03-19 05:39:47;71%;7:40;:|;Normal Day:Stressless Day;0;0
2018-03-19 22:36:51;2018-03-20 05:37:28;76%;7:00;:|;Normal Day;0;0
2018-03-20 22:16:15;2018-03-21 05:36:23;71%;7:20;;Angry Day;0;0
2018-03-21 22:32:26;2018-03-22 05:39:13;74%;7:06;:|;;0;0
2018-03-22 22:47:25;2018-03-23 05:39:29;74%;6:52;:(;Normal Day;0;0
2018-03-26 00:45:08;2018-03-26 05:59:58;48%;5:14;:(;;0;0
2018-03-27 23:44:51;2018-03-28 07:39:06;73%;7:54;:(;Normal Day:Was tired;0;0
2018-03-28 22:39:33;2018-03-29 05:59:43;77%;7:20;:(;Ate late:Normal Day:Was tired;0;0
2018-04-02 00:33:24;2018-04-02 06:55:01;69%;6:21;:(;;0;0
2018-04-02 22:05:33;2018-04-03 05:39:52;88%;7:34;:);;0;0
2018-04-03 22:23:04;2018-04-04 05:37:15;84%;7:14;:);Normal Day;0;0
2018-04-04 21:41:11;2018-04-05 05:43:17;79%;8:02;:|;;0;0
2018-04-05 22:46:34;2018-04-06 05:38:05;67%;6:51;:|;Normal Day;0;0
2018-04-06 23:24:09;2018-04-07 08:00:21;90%;8:36;:(;Was tired;0;0
2018-04-08 22:14:46;2018-04-09 05:41:47;82%;7:27;:|;Normal Day:Was tired;0;0
2018-04-09 22:27:31;2018-04-10 05:40:27;84%;7:12;:|;Normal Day;0;0
2018-04-10 22:13:17;2018-04-11 05:43:45;78%;7:30;:|;Normal Day;0;0
2018-04-11 22:24:28;2018-04-12 05:44:34;79%;7:20;:|;Normal Day;0;0
2018-04-15 22:07:04;2018-04-16 05:37:17;77%;7:30;:);;0;0
2018-04-16 21:59:07;2018-04-17 04:59:34;79%;7:00;:|;Stressful day;0;0
2018-04-17 22:18:05;2018-04-18 06:58:07;94%;8:40;:|;Just Bad Day:Stressful day:Was tired;0;0
2018-04-19 22:55:42;2018-04-20 05:38:25;70%;6:42;:|;Ate late:Did Sport:Had a fight;0;0
2018-04-20 23:48:11;2018-04-21 08:21:41;83%;8:33;:);;0;0
2018-04-22 21:55:53;2018-04-23 06:57:13;95%;9:01;:);Angry Day:Was tired;0;0
2018-04-23 22:30:37;2018-04-24 05:44:11;78%;7:13;:);Normal Day;0;0
2018-04-24 22:12:53;2018-04-25 05:37:23;78%;7:24;:);Normal Day;0;0
2018-04-25 22:11:46;2018-04-26 05:44:22;89%;7:32;:|;;0;0
2018-04-29 22:15:58;2018-04-30 05:37:40;79%;7:21;:|;Stressless Day;0;0
2018-05-01 00:04:43;2018-05-01 06:41:49;70%;6:37;:(;;0;0
2018-05-02 03:45:56;2018-05-02 06:14:32;11%;2:28;:(;Was tired;0;0
2018-05-03 22:12:13;2018-05-04 05:38:16;95%;7:26;:);Good day;0;0
2018-05-06 22:17:01;2018-05-07 05:45:47;68%;7:28;:);Normal Day;0;0
2018-05-07 22:50:49;2018-05-08 05:45:47;69%;6:54;:|;;0;0
2018-05-19 22:31:33;2018-05-20 06:51:57;63%;8:20;:|;Good day;0;0
2018-05-21 22:02:08;2018-05-22 05:40:32;71%;7:38;:);Good day:Had sex:Was tired;0;0
2018-05-23 04:55:28;2018-05-23 05:45:47;10%;0:50;:|;Good day;0;0
2018-05-23 22:20:47;2018-05-24 05:45:38;71%;7:24;:);Good day;0;0
2018-05-24 22:16:18;2018-05-25 05:43:43;64%;7:27;:|;Good day;0;0
2018-05-28 03:01:24;2018-05-28 05:41:25;31%;2:40;:|;Had a fight;0;0
2018-05-28 22:12:01;2018-05-29 05:26:28;79%;7:14;:);Angry Day:Stressful day;0;0
2018-05-29 22:27:32;2018-05-30 05:35:36;62%;7:08;:);;0;0
2018-06-02 23:38:40;2018-06-03 07:29:36;70%;7:50;:(;Good day;0;0
2018-06-03 22:38:23;2018-06-04 05:40:37;71%;7:02;:);Did Sport:Stressless Day:Was tired;0;0
2018-06-04 22:16:23;2018-06-05 05:39:36;86%;7:23;:);Good day:Stressful day;0;0
2018-06-05 21:51:42;2018-06-06 04:34:10;77%;6:42;:|;Normal Day;0;0
2018-06-06 22:38:43;2018-06-07 06:42:21;87%;8:03;:);;0;0
2018-06-07 22:35:09;2018-06-08 05:41:53;85%;7:06;:|;;0;0
2018-06-08 22:28:40;2018-06-09 06:36:56;79%;8:08;:|;;0;0
2018-06-10 22:22:37;2018-06-11 05:44:40;69%;7:22;:);;0;0
2018-06-11 22:57:11;2018-06-12 05:38:59;48%;6:41;:(;;0;0
2018-06-12 21:38:24;2018-06-13 05:45:35;82%;8:07;:);Normal Day;0;0
2018-06-13 21:46:13;2018-06-14 05:38:03;73%;7:51;:(;Normal Day;0;0
2018-06-15 22:50:02;2018-06-16 07:00:43;91%;8:10;:);Normal Day;0;0
2018-06-17 22:01:58;2018-06-18 05:44:18;81%;7:42;:(;Good day:Stressless Day;0;0
2018-06-18 22:41:29;2018-06-19 05:37:48;82%;6:56;:);Good day;0;0
2018-06-19 22:16:23;2018-06-20 05:40:24;77%;7:24;:);Normal Day;0;0
2018-06-20 22:19:17;2018-06-21 05:42:59;68%;7:23;:|;;0;0
2018-06-22 00:15:58;2018-06-22 06:42:55;76%;6:26;:(;Normal Day;0;0
2018-06-23 02:55:10;2018-06-23 11:01:37;78%;8:06;:(;Normal Day;0;0
2018-06-23 23:35:06;2018-06-24 10:25:17;84%;10:50;:);Stressless Day:Was tired;0;0
2018-06-24 22:12:47;2018-06-25 06:11:34;75%;7:58;:|;Did Sport:Normal Day:Stressless Day;0;0
2018-06-26 03:50:19;2018-06-26 06:01:05;21%;2:10;:(;Good day;0;0
2018-06-26 23:12:50;2018-06-26 23:30:09;4%;0:17;:(;Normal Day:Was tired;0;0
2018-06-26 23:30:20;2018-06-27 05:53:31;71%;6:23;:|;Normal Day;0;0
2018-06-28 22:05:26;2018-06-29 05:44:03;54%;7:38;:(;;0;0
2018-06-30 05:01:32;2018-06-30 12:56:32;85%;7:54;:|;;0;0
2018-07-01 08:26:09;2018-07-01 13:58:40;56%;5:32;:|;;0;0
2018-07-02 07:30:05;2018-07-02 13:55:18;68%;6:25;:(;;0;0
2018-07-03 01:13:42;2018-07-03 06:40:14;47%;5:26;:);Did Sport;0;0
2018-07-05 22:00:13;2018-07-06 06:08:01;77%;8:07;:|;Good day;0;0
2018-07-08 00:35:16;2018-07-08 10:39:19;92%;10:04;:);Had a fight:Normal Day:Stressless Day;0;0
2018-07-08 22:00:13;2018-07-09 05:42:37;79%;7:42;:|;Did Sport:Had a fight:Normal Day:Was tired;0;0
2018-07-09 22:26:15;2018-07-10 05:49:28;73%;7:23;:|;Normal Day;0;0
2018-07-10 22:23:49;2018-07-11 05:48:53;74%;7:25;:);;0;0
2018-07-11 22:41:20;2018-07-12 05:43:26;79%;7:02;:);Normal Day;0;0
2018-07-12 22:43:59;2018-07-13 05:44:43;76%;7:00;:);;0;0
2018-07-14 00:57:00;2018-07-14 08:14:27;76%;7:17;:|;Normal Day;0;0
2018-07-15 00:19:57;2018-07-15 09:28:16;96%;9:08;:|;;0;0
2018-07-15 22:42:08;2018-07-16 05:54:43;73%;7:12;:|;;0;0
2018-07-16 22:21:27;2018-07-17 05:46:09;74%;7:24;:|;Normal Day;0;0
2018-07-18 22:13:16;2018-07-19 05:49:27;77%;7:36;:);Stressful day;0;0
2018-07-19 22:11:10;2018-07-20 05:46:36;81%;7:35;:|;;0;0
2018-07-21 00:15:25;2018-07-21 07:34:49;74%;7:19;:(;Stressful day;0;0
2018-07-22 22:43:00;2018-07-23 05:44:39;82%;7:01;:|;Had a fight:Stressless Day;0;0
2018-07-23 22:06:41;2018-07-24 05:48:47;74%;7:42;:|;Did Sport:Stressless Day;0;0
2018-07-24 22:10:29;2018-07-25 05:47:40;61%;7:37;:(;Normal Day;0;0
2018-07-28 00:03:59;2018-07-28 07:07:12;72%;7:03;:|;Normal Day;0;0
2018-07-29 22:21:55;2018-07-30 05:49:42;79%;7:27;:(;Good day:Stressless Day;0;0
2018-08-01 01:29:57;2018-08-01 08:10:52;54%;6:40;:(;;0;0
2018-08-05 22:40:27;2018-08-06 05:43:29;78%;7:03;:|;Normal Day;0;0
2018-08-06 21:52:34;2018-08-07 05:44:43;85%;7:52;:);Had sex;0;0
2018-08-08 22:58:40;2018-08-09 06:06:23;64%;7:07;:(;Was tired;0;0
2018-08-13 03:35:11;2018-08-13 05:59:35;26%;2:24;:(;;0;0
2018-08-13 22:31:48;2018-08-14 05:53:58;75%;7:22;:|;Normal Day;0;0
2018-08-14 22:49:12;2018-08-15 05:50:20;72%;7:01;:|;;0;0
2018-08-15 21:57:27;2018-08-16 05:45:37;78%;7:48;:);;0;0
2018-08-16 22:31:46;2018-08-17 05:46:25;72%;7:14;:|;Stressful day;0;0
2018-08-20 22:31:30;2018-08-21 05:45:00;83%;7:13;:(;Stressful day:Was tired;0;0
2018-08-21 22:33:32;2018-08-22 05:45:37;80%;7:12;:);Stressful day;0;0
2018-08-22 22:19:52;2018-08-23 05:45:11;67%;7:25;:(;Normal Day;0;0
2018-08-23 22:53:37;2018-08-24 05:55:34;73%;7:01;:|;;0;0
2018-08-26 22:11:39;2018-08-27 05:59:33;77%;7:47;:);;0;0
2018-08-27 22:25:35;2018-08-28 05:42:54;77%;7:17;:(;;0;0
2018-08-29 03:33:33;2018-08-29 05:50:23;22%;2:16;:(;;0;0
2018-09-07 06:14:21;2018-09-07 06:41:32;6%;0:27;;;0;0
2018-09-10 22:15:28;2018-09-11 05:54:36;77%;7:39;:(;Good day:Had a fight;0;0
2018-09-13 22:19:05;2018-09-14 05:36:47;88%;7:17;:|;;0;0
2018-09-14 23:23:57;2018-09-15 07:52:37;86%;8:28;:|;Normal Day;0;0
2018-09-18 22:27:23;2018-09-19 05:44:48;78%;7:17;:);Normal Day:Was tired;0;0
2018-09-19 22:32:22;2018-09-20 05:45:38;89%;7:13;:);Good day;0;0
2018-09-20 22:22:48;2018-09-21 05:46:26;76%;7:23;:);Good day;0;0
2018-09-23 23:42:14;2018-09-24 05:51:04;67%;6:08;:|;Stressful day:Was tired;0;0
2018-09-24 22:16:12;2018-09-25 05:50:44;87%;7:34;:);Good day:Was tired;0;0
2018-09-25 22:00:59;2018-09-26 05:49:38;83%;7:48;:|;Normal Day;0;0
2018-09-26 22:11:12;2018-09-27 05:59:47;89%;7:48;:);Normal Day:Was tired;0;0
2018-09-27 21:48:42;2018-09-28 05:53:12;85%;8:04;:|;Normal Day;0;0
2018-10-03 10:46:05;2018-10-03 19:14:45;88%;8:28;:);Did Sport:Good day:Stressless Day:Was tired;0;0
2018-10-04 09:43:58;2018-10-04 19:21:19;75%;9:37;:|;Good day:Stressless Day;0;0
2018-10-25 13:29:18;2018-10-25 19:58:46;35%;6:29;:);Normal Day;0;0
2018-10-28 21:32:49;2018-10-29 05:32:19;84%;7:59;:|;Normal Day:Stressless Day;0;0
2018-10-29 22:19:19;2018-10-30 05:47:08;60%;7:27;:(;Normal Day:Was tired;0;0
2018-10-30 22:01:15;2018-10-31 05:45:06;83%;7:43;:);Normal Day:Stressless Day;0;0
2018-11-01 22:01:24;2018-11-02 05:48:45;80%;7:47;:);Normal Day:Stressless Day;0;0
