Pixel;Row;Round Correction Value Signed;Round Correction Value Unsigned;Ceil Correction Value;Floor Correction Value;Float Correction Value
2254;1;3;3;-1;-2;-1.0758787878787874
2253;3;7;7;3;2;2.6876318360297944
2252;0;1;1;-2;-3;-2.6855662095594717
2251;2;5;5;2;1;1.073400036043835
2250;1;3;3;-1;-2;-1.0725733910014537
2249;3;7;7;3;2;2.679366371565017
2248;0;1;1;-2;-3;-2.677298772117087
2247;2;5;5;2;1;1.0700922715932313
2246;1;3;3;-1;-2;-1.06926483679446
2245;3;7;7;3;2;2.671093010949374
2244;0;1;1;-2;-3;-2.669023435695756
2243;2;5;5;2;1;1.0667813464192752
2242;1;3;3;-1;-2;-1.0659531207318018
2241;3;7;7;3;2;2.662811742862438
2240;0;1;1;-2;-3;-2.6607401889696476
2239;2;5;5;2;1;1.063467255989476
2238;1;3;3;-1;-2;-1.062638238278824
2237;3;7;7;3;2;2.654522555962153
2236;0;1;1;-2;-3;-2.6524490205912734
2235;2;5;5;2;1;1.0601499957626679
2234;1;3;3;-1;-2;-1.05932018489219
2233;3;7;7;3;2;2.6462254388847413
2232;0;1;1;-2;-3;-2.644149919191456
2231;2;5;5;2;1;1.0568295611889953
2230;1;3;3;-1;-2;-1.0559989560198666
2229;3;7;7;3;2;2.6379203802446867
2228;0;1;1;-2;-3;-2.6358428733791968
2227;2;5;5;2;1;1.053505947709895
2226;1;3;3;-1;-2;-1.052674547101108
2225;3;7;7;3;2;2.629607368634673
2224;0;1;1;-2;-3;-2.6275278717417336
2223;2;5;5;2;1;1.0501791507580647
2222;1;3;3;-1;-2;-1.0493469535664275
2221;3;7;7;3;2;2.6212863926255032
2220;0;1;1;-2;-3;-2.6192049028443947
2219;2;5;5;2;1;1.0468491657574495
2218;1;3;3;-1;-2;-1.0460161708375821
2217;3;7;7;3;2;2.612957440766081
2216;0;1;1;-2;-3;-2.610873955230609
2215;2;5;5;2;1;1.0435159881232225
2214;1;3;3;-1;-2;-1.0426821943275453
2213;3;7;7;3;2;2.604620501583362
2212;0;1;1;-2;-3;-2.6025350174218183
2211;2;5;5;2;1;1.040179613261766
2210;1;3;3;-1;-2;-1.039345019440491
2209;3;7;7;3;2;2.596275563582264
2208;0;1;1;-2;-3;-2.5941880779174404
2207;2;5;5;2;1;1.0368400365706334
2206;1;3;3;-1;-2;-1.0360046415717727
2205;3;7;7;3;2;2.5879226152456525
2204;0;1;1;-2;-3;-2.5858331251947995
2203;2;5;5;2;1;1.0334972534385463
2202;1;3;3;-1;-2;-1.0326610561078997
2201;3;7;7;3;2;2.5795616450342536
2200;0;1;1;-2;-3;-2.5774701477091
2199;2;5;5;2;1;1.0301512592453728
2198;1;3;3;-1;-2;-1.029314258426516
2197;3;7;7;3;2;2.571192641386638
2196;0;1;1;-2;-3;-2.56909913389336
2195;2;5;5;2;1;1.0268020493620913
2194;1;3;3;-1;-2;-1.0259642438963814
2193;3;7;7;3;2;2.5628155927191507
2192;0;1;1;-2;-3;-2.560720072158336
2191;2;5;5;2;1;1.0234496191507851
2190;1;3;3;-1;-2;-1.022611007877348
2189;3;7;7;3;2;2.5544304874258295
2188;0;1;1;-2;-3;-2.552332950892513
2187;2;5;5;2;1;1.0200939639646078
2186;1;3;3;-1;-2;-1.0192545457203375
2185;3;7;7;3;2;2.5460373138784007
2184;0;1;1;-2;-3;-2.543937758462018
2183;2;5;5;2;1;1.0167350791477752
2182;1;3;3;-1;-2;-1.015894852767322
2181;3;7;7;3;2;2.5376360604261947
2180;0;1;1;-2;-3;-2.535534483210572
2179;2;5;5;2;1;1.0133729600355332
2178;1;3;3;-1;-2;-1.0125319243513093
2177;3;7;7;3;2;2.5292267153961028
2176;0;1;1;-2;-3;-2.5271231134594494
2175;2;5;5;2;1;1.0100076019541415
2174;1;3;3;-1;-2;-1.0091657557963005
2173;3;7;7;3;2;2.5208092670925133
2172;0;1;1;-2;-3;-2.5187036375074072
2171;2;5;5;2;1;1.0066390002208472
2170;1;3;3;-1;-2;-1.0057963424172938
2169;3;7;7;3;2;2.512383703797269
2168;0;1;1;-2;-3;-2.510276043630636
2167;2;5;5;2;1;1.003267150143869
2166;1;3;3;-1;-2;-1.002423679520244
2165;3;7;7;3;2;2.5039500137696074
2164;0;1;1;-2;-3;-2.5018403200827244
2163;2;5;5;1;0;0.9998920470223744
2162;1;3;3;0;-1;-0.9990477624020517
2161;3;6;6;3;2;2.495508185246102
2160;0;2;2;-2;-3;-2.4933964550945618
2159;2;5;5;1;0;0.9965136861464519
2158;1;3;3;0;-1;-0.9956685863505337
2157;3;6;6;3;2;2.487058206440615
2156;0;2;2;-2;-3;-2.484944436874329
2155;2;5;5;1;0;0.9931320627970956
2154;1;3;3;0;-1;-0.9922861466444042
2153;3;6;6;3;2;2.478600065544242
2152;0;2;2;-2;-3;-2.476484253607424
2151;2;5;5;1;0;0.9897471722461813
2150;1;3;3;0;-1;-0.9889004385532623
2149;3;6;6;3;2;2.470133750725253
2148;0;2;2;-2;-3;-2.468015893456389
2147;2;5;5;1;0;0.9863590097564421
2146;1;3;3;0;-1;-0.9855114573375472
2145;3;6;6;3;2;2.461659250129035
2144;0;2;2;-2;-3;-2.459539344560895
2143;2;5;5;1;0;0.9829675705814518
2142;1;3;3;0;-1;-0.9821191982485376
2141;3;6;6;3;2;2.4531765518780446
2140;0;2;2;-2;-3;-2.4510545950376468
2139;2;5;5;1;0;0.9795728499655958
2138;1;3;3;0;-1;-0.978723656528321
2137;3;6;6;3;2;2.444685644071747
2136;0;2;2;-2;-3;-2.4425616329803645
2135;2;5;5;1;0;0.9761748431440536
2134;1;3;3;0;-1;-0.9753248274097723
2133;3;6;6;3;2;2.4361865147865487
2132;0;2;2;-2;-3;-2.4340604464596822
2131;2;5;5;1;0;0.9727735453427755
2130;1;3;3;0;-1;-0.9719227061165308
2129;3;6;6;3;2;2.427679152075786
2128;0;2;2;-2;-3;-2.4255510235231412
2127;2;5;5;1;0;0.969368951778458
2126;1;3;3;0;-1;-0.9685172878629782
2125;3;6;6;3;2;2.4191635439696064
2124;0;2;2;-2;-3;-2.417033352195105
2123;2;5;5;1;0;0.9659610576585278
2122;1;3;3;0;-1;-0.9651085678542142
2121;3;6;6;3;2;2.4106396784749613
2120;0;2;2;-2;-3;-2.408507420476699
2119;2;5;5;1;0;0.9625498581811076
2118;1;3;3;0;-1;-0.9616965412860408
2117;3;6;6;3;2;2.402107543575525
2116;0;2;2;-2;-3;-2.3999732163457814
2115;2;5;5;1;0;0.9591353485350123
2114;1;3;3;0;-1;-0.9582812033449306
2113;3;6;6;3;2;2.3935671272316412
2112;0;2;2;-2;-3;-2.3914307277568554
2111;2;5;5;1;0;0.9557175238997022
2110;1;3;3;0;-1;-0.9548625492080127
2109;3;6;6;3;2;2.3850184173802838
2108;0;2;2;-2;-3;-2.3828799426410363
2107;2;5;5;1;0;0.9522963794452783
2106;1;3;3;0;-1;-0.9514405740430396
2105;3;6;6;3;2;2.3764614019349786
2104;0;2;2;-2;-3;-2.3743208489059775
2103;2;5;5;1;0;0.9488719103324579
2102;1;3;3;0;-1;-0.9480152730083802
2101;3;6;6;3;2;2.367896068785754
2100;0;2;2;-2;-3;-2.365753434435824
2099;2;5;5;1;0;0.9454441117125434
2098;1;3;3;0;-1;-0.9445866412529771
2097;3;6;6;3;2;2.3593224057990767
2096;0;2;2;-2;-3;-2.357177687091159
2095;2;5;5;1;0;0.942012978727405
2094;1;3;3;0;-1;-0.9411546739163432
2093;3;6;6;3;2;2.3507404008178163
2092;0;2;2;-2;-3;-2.348593594708934
2091;2;5;5;1;0;0.9385785065094572
2090;1;3;3;0;-1;-0.9377193661285235
2089;3;6;6;3;2;2.3421500416611707
2088;0;2;2;-2;-3;-2.340001145102409
2087;2;5;5;1;0;0.9351406901816377
2086;1;3;3;0;-1;-0.934280713010077
2085;3;6;6;3;2;2.333551316124609
2084;0;2;2;-2;-3;-2.3314003260611216
2083;2;5;5;1;0;0.9316995248573763
2082;1;3;3;0;-1;-0.9308387096720656
2081;3;6;6;3;2;2.324944211979812
2080;0;2;2;-2;-3;-2.322791125350804
2079;2;5;5;1;0;0.9282550056405832
2078;1;3;3;0;-1;-0.9273933512160077
2077;3;6;6;3;2;2.316328716974624
2076;0;2;2;-2;-3;-2.3141735307133118
2075;2;5;5;1;0;0.9248071276256189
2074;1;3;3;0;-1;-0.923944632733873
2073;3;6;6;3;2;2.3077048188329883
2072;0;2;2;-2;-3;-2.305547529866619
2071;2;5;5;1;0;0.9213558858972712
2070;1;3;3;0;-1;-0.9204925493080536
2069;3;6;6;3;2;2.2990725052548804
2068;0;2;2;-2;-3;-2.2969131105047076
2067;2;5;5;1;0;0.9179012755307312
2066;1;3;3;0;-1;-0.9170370960113372
2065;3;6;6;3;2;2.2904317639162706
2064;0;2;2;-2;-3;-2.2882702602975264
2063;2;5;5;1;0;0.9144432915915752
2062;1;3;3;0;-1;-0.9135782679068942
2061;3;6;6;3;2;2.281782582469056
2060;0;2;2;-2;-3;-2.27961896689094
2059;2;5;5;1;0;0.9109819291357342
2058;1;3;3;0;-1;-0.9101160600482396
2057;3;6;6;3;2;2.273124948540982
2056;0;2;2;-2;-3;-2.270959217906654
2055;2;5;5;1;0;0.9075171832094737
2054;1;3;3;0;-1;-0.9066504674792188
2053;3;6;6;3;2;2.2644588497356217
2052;0;2;2;-2;-3;-2.2622910009421844
2051;2;5;5;1;0;0.904049048849374
2050;1;3;3;0;-1;-0.9031814852339863
2049;3;6;6;3;2;2.2557842736322726
2048;0;2;2;-2;-3;-2.253614303570764
2047;2;5;5;1;0;0.9005775210822975
2046;1;3;3;0;-1;-0.8997091083369737
2045;3;6;6;3;2;2.247101207785942
2044;0;2;2;-2;-3;-2.2449291133413
2043;2;5;5;1;0;0.8971025949253733
2042;1;3;3;0;-1;-0.8962333318028675
2041;3;6;6;3;2;2.2384096397272515
2040;0;2;2;-2;-3;-2.2362354177783175
2039;2;5;5;1;0;0.8936242653859647
2038;1;3;3;0;-1;-0.8927541506365948
2037;3;6;6;3;2;2.2297095569623977
2036;0;2;2;-2;-3;-2.2275332043818956
2035;2;5;5;1;0;0.8901425274616601
2034;1;3;3;0;-1;-0.8892715598332881
2033;3;6;6;3;2;2.2210009469730814
2032;0;2;2;-2;-3;-2.218822460627603
2031;2;5;5;1;0;0.8866573761402279
2030;1;3;3;0;-1;-0.8857855543782636
2029;3;6;6;3;2;2.2122837972164575
2028;0;2;2;-2;-3;-2.2101031739664485
2027;2;5;5;1;0;0.8831688063996141
2026;1;3;3;0;-1;-0.8822961292470026
2025;3;6;6;3;2;2.203558095125061
2024;0;2;2;-2;-3;-2.20137533182481
2023;2;5;5;1;0;0.8796768132079027
2022;1;3;3;0;-1;-0.8788032794051217
2021;3;6;6;3;2;2.1948238281067702
2020;0;2;2;-2;-3;-2.192638921604374
2019;2;5;5;1;0;0.8761813915232946
2018;1;3;3;0;-1;-0.87530699980835
2017;3;6;6;3;2;2.18608098354472
2016;0;2;2;-2;-3;-2.1838939306820926
2015;2;5;5;1;0;0.8726825362940938
2014;1;3;3;0;-1;-0.8718072854025065
2013;3;6;6;3;2;2.1773295487972426
2012;0;2;2;-2;-3;-2.1751403464100925
2011;2;5;5;1;0;0.8691802424586648
2010;1;3;3;0;-1;-0.8683041311234803
2009;3;6;6;3;2;2.168569511197841
2008;0;2;2;-2;-3;-2.166378156115652
2007;2;5;5;1;0;0.8656745049454297
2006;1;3;3;0;-1;-0.864797531897187
2005;3;6;6;3;2;2.1598008580550854
2004;0;2;2;-2;-3;-2.157607347101095
2003;2;5;5;1;0;0.8621653186728206
2002;1;3;3;0;-1;-0.8612874826395691
2001;3;6;6;3;2;2.1510235766525696
2000;0;2;2;-2;-3;-2.148827906643774
1999;2;5;5;1;0;0.8586526785492756
1998;1;3;3;0;-1;-0.8577739782565557
1997;3;6;6;3;2;2.142237654248863
1996;0;2;2;-2;-3;-2.1400398219959733
1995;2;5;5;1;0;0.8551365794731991
1994;1;3;3;0;-1;-0.8542570136440482
1993;3;6;6;3;2;2.1334430780774127
1992;0;2;2;-2;-3;-2.1312430803848734
1991;2;5;5;1;0;0.8516170163329475
1990;1;3;3;0;-1;-0.8507365836878771
1989;3;6;6;3;2;2.124639835346535
1988;0;2;2;-2;-3;-2.12243766901247
1987;2;5;5;1;0;0.8480939840067991
1986;1;3;3;0;-1;-0.8472126832638036
1985;3;6;6;3;2;2.1158279132392828
1984;0;2;2;-2;-3;-2.1136235750555272
1983;2;5;5;1;0;0.8445674773629293
1982;1;3;3;0;-1;-0.8436853072374699
1981;3;6;6;3;2;2.107007298913473
1980;0;2;2;-2;-3;-2.1048007856655033
1979;2;5;5;1;0;0.8410374912593905
1978;1;3;3;0;-1;-0.840154450464393
1977;3;6;6;3;2;2.0981779795015214
1976;0;2;2;-2;-3;-2.09596928796849
1975;2;5;5;1;0;0.8375040205440767
1974;1;3;3;0;-1;-0.836620107789928
1973;3;6;6;3;2;2.0893399421104775
1972;0;2;2;-2;-3;-2.0871290690651634
1971;2;5;5;1;0;0.8339670600547091
1970;1;3;3;0;-1;-0.8330822740492474
1969;3;6;6;3;2;2.080493173821889
1968;0;2;2;-2;-3;-2.078280116030694
1967;2;5;5;1;0;0.8304266046188102
1966;1;3;3;0;-1;-0.8295409440673147
1965;3;6;6;3;2;2.071637661691785
1964;0;2;2;-2;-3;-2.0694224159147083
1963;2;5;5;1;0;0.826882649053668
1962;1;3;3;0;-1;-0.8259961126588644
1961;3;6;6;3;2;2.0627733927505822
1960;0;2;2;-2;-3;-2.060555955741229
1959;2;5;5;1;0;0.8233351881663253
1958;1;3;3;0;-1;-0.8224477746283663
1957;3;6;6;3;2;2.0539003540030407
1956;0;2;2;-2;-3;-2.051680722508589
1955;2;5;5;1;0;0.8197842167535407
1954;1;3;3;0;-1;-0.8188959247700103
1953;3;6;6;3;2;2.045018532428198
1952;0;2;2;-2;-3;-2.0427967031893743
1951;2;5;5;1;0;0.8162297296017753
1950;1;3;3;0;-1;-0.815340557867672
1949;3;6;6;3;2;2.0361279149793
1948;0;2;2;-2;-3;-2.033903884730371
1947;2;5;5;1;0;0.8126717214871579
1946;1;3;3;0;-1;-0.8117816686948993
1945;3;6;6;3;2;2.0272284885837237
1944;0;2;2;-2;-3;-2.025002254052499
1943;2;5;5;1;0;0.8091101871754631
1942;1;3;3;0;-1;-0.8082192520148741
1941;3;6;6;3;2;2.0183202401429554
1940;0;2;2;-2;-3;-2.016091798050738
1939;2;5;5;1;0;0.8055451214220888
1938;1;3;3;0;-1;-0.8046533025803901
1937;3;6;6;3;2;2.0094031565324677
1936;0;2;2;-2;-3;-2.0071725035940737
1935;2;5;5;1;0;0.8019765189720234
1934;1;3;3;0;-1;-0.8010838151338353
1933;3;6;6;3;2;2.0004772246017204
1932;0;2;2;-1;-2;-1.9982443575254258
1931;2;5;5;1;0;0.7984043745598237
1930;1;3;3;0;-1;-0.7975107844071516
1929;3;6;6;2;1;1.9915424311740395
1928;0;2;2;-1;-2;-1.9893073466615903
1927;2;5;5;1;0;0.7948286829095945
1926;1;3;3;0;-1;-0.7939342051218246
1925;3;6;6;2;1;1.9825987630465747
1924;0;2;2;-1;-2;-1.9803614577931654
1923;2;5;5;1;0;0.7912494387349458
1922;1;3;3;0;-1;-0.7903540719888476
1921;3;6;6;2;1;1.9736462069902494
1920;0;2;2;-1;-2;-1.9714066776844987
1919;2;5;5;1;0;0.787666636738992
1918;1;3;3;0;-1;-0.7867703797086927
1917;3;6;6;2;1;1.9646847497496687
1916;0;2;2;-1;-2;-1.9624429930736014
1915;2;5;5;1;0;0.7840802716143038
1914;1;3;3;0;-1;-0.7831831229712973
1913;3;6;6;2;1;1.9557143780430657
1912;0;2;2;-1;-2;-1.9534703906721234
1911;2;5;5;1;0;0.7804903380428909
1910;1;3;3;0;-1;-0.7795922964560251
1909;3;6;6;2;1;1.946735078562238
1908;0;2;2;-1;-2;-1.9444888571652328
1907;2;5;5;1;0;0.7768968306961739
1906;1;3;3;0;-1;-0.7759978948316508
1905;3;6;6;2;1;1.9377468379724903
1904;0;2;2;-1;-2;-1.935498379211591
1903;2;5;5;1;0;0.7732997442349632
1902;1;3;3;0;-1;-0.7723999127563195
1901;3;6;6;2;1;1.928749642912539
1900;0;2;2;-1;-2;-1.9264989434432742
1899;2;5;5;1;0;0.7696990733094244
1898;1;3;3;0;-1;-0.7687983448775384
1897;3;6;6;2;1;1.9197434799944837
1896;0;2;2;-1;-2;-1.9174905364656993
1895;2;5;5;1;0;0.7660948125590554
1894;1;3;3;0;-1;-0.7651931858321337
1893;3;6;6;2;1;1.9107283358037108
1892;0;2;2;-1;-2;-1.9084731448575774
1891;2;5;5;1;0;0.7624869566126664
1890;1;3;3;0;-1;-0.7615844302462325
1889;3;6;6;2;1;1.9017041968988337
1888;0;2;2;-1;-2;-1.8994467551708212
1887;2;5;5;1;0;0.7588755000883376
1886;1;3;3;0;-1;-0.757972072735237
1885;3;6;6;2;1;1.89267104981165
1884;0;2;2;-1;-2;-1.890411353930503
1883;2;5;5;1;0;0.7552604375934084
1882;1;3;3;0;-1;-0.7543561079037895
1881;3;6;6;2;1;1.8836288810470379
1880;0;2;2;-1;-2;-1.8813669276347618
1879;2;5;5;1;0;0.7516417637244377
1878;1;3;3;0;-1;-0.7507365303457609
1877;3;6;6;2;1;1.874577677082911
1876;0;2;2;-1;-2;-1.8723134627547608
1875;2;5;5;1;0;0.7480194730671945
1874;1;3;3;0;-1;-0.7471133346442036
1873;3;6;6;2;1;1.8655174243701467
1872;0;2;2;-1;-2;-1.8632509457346167
1871;2;5;5;1;0;0.7443935601966052
1870;1;3;3;0;-1;-0.7434865153713401
1869;3;6;6;2;1;1.8564481093325185
1868;0;2;2;-1;-2;-1.854179362991296
1867;2;5;5;1;0;0.7407640196767522
1866;1;3;3;0;-1;-0.7398560670885344
1865;3;6;6;2;1;1.8473697183666289
1864;0;2;2;-1;-2;-1.845098700914626
1863;2;5;5;1;0;0.7371308460608299
1862;1;3;3;0;-1;-0.7362219843462512
1861;3;6;6;2;1;1.838282237841831
1860;0;2;2;-1;-2;-1.836008945867114
1859;2;5;5;1;0;0.7334940338911222
1858;1;3;3;0;-1;-0.7325842616840497
1857;3;6;6;2;1;1.8291856541001827
1856;0;2;2;-1;-2;-1.8269100841839965
1855;2;5;5;1;0;0.7298535776989805
1854;1;3;3;0;-1;-0.7289428936305375
1853;3;6;6;2;1;1.8200799534563643
1852;0;2;2;-1;-2;-1.8178021021730792
1851;2;5;5;1;0;0.7262094720047862
1850;1;3;3;0;-1;-0.7252978747033545
1849;3;6;6;2;1;1.8109651221975938
1848;0;2;2;-1;-2;-1.8086849861147272
1847;2;5;5;1;0;0.722561711317935
1846;1;3;3;0;-1;-0.7216491994091392
1845;3;6;6;2;1;1.801841146583584
1844;0;2;2;-1;-2;-1.7995587222617644
1843;2;5;5;1;0;0.7189102901367974
1842;1;3;3;0;-1;-0.7179968622435062
1841;3;6;6;2;1;1.7927080128464823
1840;0;2;2;-1;-2;-1.790423296839414
1839;2;5;5;1;0;0.7152552029486996
1838;1;3;3;0;-1;-0.714340857691016
1837;3;6;6;2;1;1.7835657071907498
1836;0;2;2;-1;-2;-1.7812786960452378
1835;2;5;5;1;0;0.7115964442298912
1834;1;3;3;0;-1;-0.7106811802251434
1833;3;6;6;2;1;1.7744142157931577
1832;0;2;2;-1;-2;-1.77212490604904
1831;2;5;5;1;0;0.7079340084455197
1830;1;3;3;0;-1;-0.7070178243082603
1829;3;6;6;2;1;1.7652535248026702
1828;0;2;2;-1;-2;-1.7629619129928287
1827;2;5;5;1;0;0.7042678900496062
1826;1;3;3;0;-1;-0.7033507843915929
1825;3;6;6;2;1;1.7560836203403767
1824;0;2;2;-1;-2;-1.753789702990744
1823;2;5;5;1;0;0.7005980834850059
1822;1;3;3;0;-1;-0.6996800549152065
1821;3;6;6;2;1;1.7469044884994567
1820;0;2;2;-1;-2;-1.7446082621289491
1819;2;5;5;1;0;0.6969245831833906
1818;1;3;3;0;-1;-0.6960056303079716
1817;3;6;6;2;1;1.737716115345087
1816;0;2;2;-1;-2;-1.7354175764656041
1815;2;5;5;1;0;0.6932473835652164
1814;1;3;3;0;-1;-0.6923275049875395
1813;3;6;6;2;1;1.7285184869143535
1812;0;2;2;-1;-2;-1.7262176320307852
1811;2;5;5;1;0;0.6895664790396996
1810;1;3;3;0;-1;-0.6886456733603037
1809;3;6;6;2;1;1.7193115892162147
1808;0;2;2;-1;-2;-1.7170084148263847
1807;2;5;5;1;0;0.685881864004779
1806;1;3;3;0;-1;-0.6849601298213894
1805;3;6;6;2;1;1.7100954082314033
1804;0;2;2;-1;-2;-1.7077899108260866
1803;2;5;5;1;0;0.6821935328470996
1802;1;3;3;0;-1;-0.6812708687546056
1801;3;6;6;2;1;1.7008699299123826
1800;0;2;2;-1;-2;-1.6985621059752596
1799;2;5;5;1;0;0.678501479941974
1798;1;3;3;0;-1;-0.6775778845324298
1797;3;6;6;2;1;1.691635140183248
1796;0;2;2;-1;-2;-1.6893249861909077
1795;2;5;5;1;0;0.6748056996533576
1794;1;3;3;0;-1;-0.6738811715159754
1793;3;6;6;2;1;1.6823910249396619
1792;0;2;2;-1;-2;-1.6800785373615703
1791;2;5;5;1;0;0.6711061863338239
1790;1;3;3;0;-1;-0.6701807240549629
1789;3;6;6;2;1;1.6731375700488016
1788;0;2;2;-1;-2;-1.6708227453472837
1787;2;5;5;1;0;0.667402934324528
1786;1;3;3;0;-1;-0.6664765364876937
1785;3;6;6;2;1;1.6638747613492555
1784;0;2;2;-1;-2;-1.6615575959794988
1783;2;5;5;1;0;0.6636959379551817
1782;1;3;3;0;-1;-0.6627686031410098
1781;3;6;6;2;1;1.654602584650977
1780;0;2;2;-1;-2;-1.652283075060975
1779;2;5;5;1;0;0.6599851915440293
1778;1;3;3;0;-1;-0.6590569183302835
1777;3;6;6;2;1;1.6453210257352069
1776;0;2;2;-1;-2;-1.6429991683657725
1775;2;5;5;1;0;0.6562706893978092
1774;1;3;3;0;-1;-0.6553414763593715
1773;3;6;6;2;1;1.63603007035438
1772;0;2;2;-1;-2;-1.6337058616391253
1771;2;5;5;1;0;0.652552425811729
1770;1;3;3;0;-1;-0.6516222715206013
1769;3;6;6;2;1;1.626729704232087
1768;0;2;2;-1;-2;-1.624403140597387
1767;2;5;5;1;0;0.6488303950694396
1766;1;3;3;0;-1;-0.647899298094722
1765;3;6;6;2;1;1.6174199130629745
1764;0;2;2;-1;-2;-1.6150909909279605
1763;2;5;5;1;0;0.645104591443002
1762;1;3;3;0;-1;-0.6441725503508957
1761;3;6;6;2;1;1.6081006825126778
1760;0;2;2;-1;-2;-1.6057693982892154
1759;2;5;5;1;0;0.641375009192859
1758;1;3;3;0;-1;-0.6404420225466563
1757;3;6;6;2;1;1.5987719982177566
1756;0;2;2;-1;-2;-1.596438348310432
1755;2;5;5;1;0;0.6376416425678046
1754;1;3;3;0;-1;-0.6367077089278803
1753;3;6;6;2;1;1.589433845785603
1752;0;2;2;-1;-2;-1.5870978265917124
1751;2;5;5;1;0;0.6339044858049574
1750;1;3;3;0;-1;-0.6329696037287631
1749;3;6;6;2;1;1.580086210794395
1748;0;2;2;-1;-2;-1.5777478187038945
1747;2;5;5;1;0;0.6301635331297231
1746;1;3;3;0;-1;-0.6292277011717795
1745;3;6;6;2;1;1.57072907879299
1744;0;2;2;-1;-2;-1.56838831018851
1743;2;5;5;1;0;0.6264187787557827
1742;1;3;3;0;-1;-0.6254819954676689
1741;3;6;6;2;1;1.5613624353008824
1740;0;2;2;-1;-2;-1.5590192865576924
1739;2;5;5;1;0;0.6226702168850391
1738;1;3;3;0;-1;-0.6217324808153917
1737;3;6;6;2;1;1.5519862658080932
1736;0;2;2;-1;-2;-1.549640733294094
1735;2;5;5;1;0;0.6189178417076029
1734;1;3;3;0;-1;-0.6179791514021025
1733;3;6;6;2;1;1.542600555775131
1732;0;2;2;-1;-2;-1.5402526358508197
1731;2;5;5;1;0;0.6151616474017603
1730;1;3;3;0;-1;-0.6142220014031254
1729;3;6;6;2;1;1.5332052906328961
1728;0;2;2;-1;-2;-1.5308549796513695
1727;2;5;5;1;0;0.6114016281339367
1726;1;3;3;0;-1;-0.6104610249819178
1725;3;6;6;2;1;1.523800455782606
1724;0;2;2;-1;-2;-1.5214477500895214
1723;2;5;5;1;0;0.6076377780586739
1722;1;3;3;0;-1;-0.6066962162900467
1721;3;6;6;2;1;1.5143860365957238
1720;0;2;2;-1;-2;-1.5120309325292922
1719;2;5;5;1;0;0.6038700913185959
1718;1;3;3;0;-1;-0.602927569467151
1717;3;6;6;2;1;1.504962018413888
1716;0;2;2;-1;-2;-1.5026045123048455
1715;2;5;5;1;0;0.6000985620443782
1714;1;3;3;0;-1;-0.5991550786409148
1713;3;5;5;2;1;1.4955283865488234
1712;0;3;3;-1;-2;-1.4931684747204201
1711;2;5;5;1;0;0.5963231843547208
1710;1;3;3;0;-1;-0.5953787379270352
1709;3;5;5;2;1;1.4860851262822798
1708;0;3;3;-1;-2;-1.483722805050256
1707;2;5;5;1;0;0.5925439523563112
1706;1;3;3;0;-1;-0.5915985414291969
1705;3;5;5;2;1;1.476632222865934
1704;0;3;3;-1;-2;-1.474267488538505
1703;2;5;5;1;0;0.5887608601438012
1702;1;3;3;0;-1;-0.5878144832390388
1701;3;5;5;2;1;1.4671696615213392
1700;0;3;3;-1;-2;-1.4648025103991777
1699;2;5;5;1;0;0.5849739017997697
1698;1;3;3;0;-1;-0.584026557436113
1697;3;5;5;2;1;1.457697427439836
1696;0;3;3;-1;-2;-1.4553278558160443
1695;2;5;5;1;0;0.5811830713947002
1694;1;3;3;0;-1;-0.5802347580878742
1693;3;5;5;2;1;1.4482155057824606
1692;0;3;3;-1;-2;-1.4458435099425557
1691;2;5;5;1;0;0.5773883629869374
1690;1;3;3;0;-1;-0.5764390792496332
1689;3;5;5;2;1;1.4387238816798913
1688;0;3;3;-1;-2;-1.436349457901791
1687;2;5;5;1;0;0.5735897706226689
1686;1;3;3;0;-1;-0.5726395149645223
1685;3;5;5;2;1;1.429222540232356
1684;0;3;3;-1;-2;-1.426845684786354
1683;2;5;5;1;0;0.5697872883358839
1682;1;3;3;0;-1;-0.5688360592634893
1681;3;5;5;2;1;1.4197114665095718
1680;0;3;3;-1;-2;-1.4173321756583128
1679;2;5;5;1;0;0.5659809101483502
1678;1;3;3;0;-1;-0.5650287061652328
1677;3;5;5;2;1;1.4101906455506352
1676;0;3;3;-1;-2;-1.4078089155491043
1675;2;5;5;1;0;0.5621706300695779
1674;1;3;3;0;-1;-0.5612174496761968
1673;3;5;5;2;1;1.400660062363972
1672;0;3;3;-1;-2;-1.3982758894594696
1671;2;5;5;1;0;0.5583564420967866
1670;1;3;3;0;-1;-0.557402283790525
1669;3;5;5;2;1;1.3911197019272485
1668;0;3;3;-1;-2;-1.3887330823593764
1667;2;5;5;1;0;0.5545383402148811
1666;1;3;3;0;-1;-0.5535832024900351
1665;3;5;5;2;1;1.3815695491872866
1664;0;3;3;-1;-2;-1.37918047918793
1663;2;5;5;1;0;0.5507163183964119
1662;1;3;3;0;-1;-0.5497601997441857
1661;3;5;5;2;1;1.3720095890600028
1660;0;3;3;-1;-2;-1.3696180648532987
1659;2;5;5;1;0;0.5468903706015462
1658;1;3;3;0;-1;-0.5459332695100434
1657;3;5;5;2;1;1.3624398064303058
1656;0;3;3;-1;-2;-1.3600458242326283
1655;2;5;5;1;0;0.5430604907780401
1654;1;3;3;0;-1;-0.5421024057322548
1653;3;5;5;2;1;1.3528601861520393
1652;0;3;3;-1;-2;-1.3504637421719714
1651;2;5;5;1;0;0.5392266728611972
1650;1;3;3;0;-1;-0.5382676023430113
1649;3;5;5;2;1;1.3432707130478754
1648;0;3;3;-1;-2;-1.3408718034862233
1647;2;5;5;1;0;0.5353889107738521
1646;1;3;3;0;-1;-0.534428853262015
1645;3;5;5;2;1;1.3336713719092543
1644;0;3;3;-1;-2;-1.3312699929589868
1643;2;5;5;1;0;0.5315471984263187
1642;1;3;3;0;-1;-0.5305861523964541
1641;3;5;5;2;1;1.3240621474963206
1640;0;3;3;-1;-2;-1.3216582953425622
1639;2;5;5;1;0;0.5277015297163761
1638;1;3;3;0;-1;-0.5267394936409611
1637;3;5;5;2;1;1.3144430245377912
1636;0;3;3;-1;-2;-1.3120366953578113
1635;2;5;5;1;0;0.5238518985292213
1634;1;3;3;0;-1;-0.5228888708775887
1633;3;5;5;2;1;1.3048139877309168
1632;0;3;3;-1;-2;-1.3024051776941015
1631;2;5;5;1;0;0.5199982987374474
1630;1;3;3;0;-1;-0.5190342779757735
1629;3;5;5;2;1;1.2951750217413966
1628;0;3;3;-1;-2;-1.292763727009227
1627;2;5;5;1;0;0.5161407242010077
1626;1;3;3;0;-1;-0.5151757087923015
1625;3;5;5;2;1;1.2855261112032785
1624;0;3;3;-1;-2;-1.283112327929306
1623;2;5;5;1;0;0.5122791687671846
1622;1;3;3;0;-1;-0.511313157171279
1621;3;5;5;2;1;1.2758672407188847
1620;0;3;3;-1;-2;-1.2734509650487382
1619;2;5;5;1;0;0.5084136262705483
1618;1;3;3;0;-1;-0.5074466169441019
1617;3;5;5;2;1;1.2661983948587476
1616;0;3;3;-1;-2;-1.2637796229300733
1615;2;5;5;1;0;0.5045440905329395
1614;1;3;3;0;-1;-0.5035760819294133
1613;3;5;5;2;1;1.2565195581615
1612;0;3;3;-1;-2;-1.254098286103968
1611;2;5;5;1;0;0.5006705553634196
1610;1;4;4;0;-1;-0.49970154593308447
1609;3;5;5;2;1;1.2468307151338145
1608;0;3;3;-1;-2;-1.244406939069087
1607;2;4;4;1;0;0.49679301455825087
1606;1;4;4;0;-1;-0.4958230027481667
1605;3;5;5;2;1;1.2371318502503073
1604;0;3;3;-1;-2;-1.2347055662920141
1603;2;4;4;1;0;0.4929114619008601
1602;1;4;4;0;-1;-0.49194044615487265
1601;3;5;5;2;1;1.2274229479534533
1600;0;3;3;-1;-2;-1.224994152207195
1599;2;4;4;1;0;0.4890258911617975
1598;1;4;4;0;-1;-0.4880538699205301
1597;3;5;5;2;1;1.2177039926535258
1596;0;3;3;-1;-2;-1.2152726812168169
1595;2;4;4;1;0;0.4851362960987151
1594;1;4;4;0;-1;-0.4841632677995591
1593;3;5;5;2;1;1.207974968728486
1592;0;3;3;-1;-2;-1.205541137690762
1591;2;4;4;1;0;0.4812426704563233
1590;1;4;4;0;-1;-0.48026863353343074
1589;3;5;5;2;1;1.198235860523905
1588;0;3;3;-1;-2;-1.1957995059664945
1587;2;4;4;1;0;0.47734500796636414
1586;1;4;4;0;-1;-0.47636996085064265
1585;3;5;5;2;1;1.1884866523529034
1584;0;3;3;-1;-2;-1.186047770348992
1583;2;4;4;1;0;0.47344330234757415
1582;1;4;4;0;-1;-0.47246724346667257
1581;3;5;5;2;1;1.1787273284960271
1580;0;3;3;-1;-2;-1.176285915110661
1579;2;4;4;1;0;0.4695375473056549
1578;1;4;4;0;-1;-0.4685604750839536
1577;3;5;5;2;1;1.168957873201201
1576;0;3;3;-1;-2;-1.1665139244912517
1575;2;4;4;1;0;0.4656277365332331
1574;1;4;4;0;-1;-0.46464964939184394
1573;3;5;5;2;1;1.159178270683615
1572;0;3;3;-1;-2;-1.156731782697758
1571;2;4;4;1;0;0.4617138637098286
1570;1;4;4;0;-1;-0.4607347600665772
1569;3;5;5;2;1;1.1493885051256676
1568;0;3;3;-1;-2;-1.1469394739043608
1567;2;4;4;1;0;0.45779592250182244
1566;1;4;4;0;-1;-0.45681580077125084
1565;3;5;5;2;1;1.1395885606768381
1564;0;3;3;-1;-2;-1.137136982252315
1563;2;4;4;1;0;0.4538739065624213
1562;1;4;4;0;-1;-0.4528927651557684
1561;3;5;5;2;1;1.1297784214536648
1560;0;3;3;-1;-2;-1.1273242918498845
1559;2;4;4;1;0;0.4499478095316265
1558;1;4;4;0;-1;-0.4489656468568244
1557;3;5;5;2;1;1.1199580715395854
1556;0;3;3;-1;-2;-1.1175013867722363
1555;2;4;4;1;0;0.44601762503619113
1554;1;4;4;0;-1;-0.4450344394978538
1553;3;5;5;2;1;1.1101274949849085
1552;0;3;3;-1;-2;-1.10766825106138
1551;2;4;4;1;0;0.4420833466895946
1550;1;4;4;0;-1;-0.44109913668901335
1549;3;5;5;2;1;1.1002866758067071
1548;0;3;3;-1;-2;-1.097824868726061
1547;2;4;4;1;0;0.4381449680920042
1546;1;4;4;0;-1;-0.4371597320271361
1545;3;5;5;2;1;1.0904355979887228
1544;0;3;3;-1;-2;-1.0879712237416719
1543;2;4;4;1;0;0.4342024828302362
1542;1;4;4;0;-1;-0.4332162190957005
1541;3;5;5;2;1;1.0805742454812801
1540;0;3;3;-1;-2;-1.0781073000501884
1539;2;4;4;1;0;0.4302558844777362
1538;1;4;4;0;-1;-0.429268591464794
1537;3;5;5;2;1;1.07070260220123
1536;0;3;3;-1;-2;-1.0682330815600523
1535;2;4;4;1;0;0.42630516659452145
1534;1;4;4;0;-1;-0.4253168426910783
1533;3;5;5;2;1;1.0608206520318184
1532;0;3;3;-1;-2;-1.0583485521461107
1531;2;4;4;1;0;0.4223503227271639
1530;1;4;4;0;-1;-0.4213609663177573
1529;3;5;5;2;1;1.0509283788226185
1528;0;3;3;-1;-2;-1.0484536956495134
1527;2;4;4;1;0;0.41839134640874853
1526;1;4;4;0;-1;-0.4174009558745384
1525;3;5;5;2;1;1.0410257663894633
1524;0;3;3;-1;-2;-1.0385484958776239
1523;2;4;4;1;0;0.4144282311588352
1522;1;4;4;0;-1;-0.4134368048775956
1521;3;5;5;2;1;1.0311127985143145
1520;0;3;3;-1;-2;-1.028632936603941
1519;2;4;4;1;0;0.41046097048343544
1518;1;4;4;0;-1;-0.40946850682954405
1517;3;5;5;2;1;1.0211894589452193
1516;0;3;3;-1;-2;-1.0187070015679929
1515;2;4;4;1;0;0.40648955787495655
1514;1;4;4;0;-1;-0.4054960552193885
1513;3;5;5;2;1;1.0112557313961688
1512;0;3;3;-1;-2;-1.0087706744752758
1511;2;4;4;1;0;0.40251398681218653
1510;1;4;4;0;-1;-0.40151944352250446
1509;3;5;5;2;1;1.0013115995470656
1508;0;3;3;0;-1;-0.9988239389971412
1507;2;4;4;1;0;0.3985342507602452
1506;1;4;4;0;-1;-0.39753866520059233
1505;3;5;5;1;0;0.9913570470436
1504;0;3;3;0;-1;-0.9888667787707099
1503;2;4;4;1;0;0.3945503431705548
1502;1;4;4;0;-1;-0.39355371370163894
1501;3;5;5;1;0;0.9813920574971675
1500;0;3;3;0;-1;-0.9788991773987874
1499;2;4;4;1;0;0.3905622574808012
1498;1;4;4;0;-1;-0.38956458245989545
1497;3;5;5;1;0;0.9714166144847773
1496;0;3;3;0;-1;-0.9689211184497744
1495;2;4;4;1;0;0.3865699871148962
1494;1;4;4;0;-1;-0.38557126489582405
1493;3;5;5;1;0;0.96143070154897
1492;0;3;3;0;-1;-0.9589325854575854
1491;2;4;4;1;0;0.38257352548294943
1490;1;4;4;0;-1;-0.3815737544160731
1489;3;5;5;1;0;0.9514343021977112
1488;0;3;3;0;-1;-0.9489335619215211
1487;2;4;4;1;0;0.37857286598122286
1486;1;4;4;0;-1;-0.3775720444134407
1485;3;5;5;1;0;0.9414273999043203
1484;0;3;3;0;-1;-0.9389240313062395
1483;2;4;4;1;0;0.37456800199209717
1482;1;4;4;0;-1;-0.3735661282668321
1481;3;5;5;1;0;0.9314099781073715
1480;0;3;3;0;-1;-0.9289039770415997
1479;2;4;4;1;0;0.3705589268840388
1478;1;4;4;0;-1;-0.3695559993412294
1477;3;5;5;1;0;0.9213820202105971
1476;0;3;3;0;-1;-0.9188733825226088
1475;2;4;4;1;0;0.3665456340115574
1474;1;4;4;0;-1;-0.36554165098764724
1473;3;5;5;1;0;0.9113435095827995
1472;0;3;3;0;-1;-0.9088322311093329
1471;2;4;4;1;0;0.36252811671517815
1470;1;4;4;0;-1;-0.361523076543107
1469;3;5;5;1;0;0.9012944295577654
1468;0;3;3;0;-1;-0.8987805061267693
1467;2;4;4;1;0;0.35850636832139404
1466;1;4;4;0;-1;-0.357500269330588
1465;3;5;5;1;0;0.8912347634341522
1464;0;3;3;0;-1;-0.8887181908648039
1463;2;4;4;1;0;0.35448038214263455
1462;1;4;4;0;-1;-0.3534732226590007
1461;3;5;5;1;0;0.8811644944754207
1460;0;3;3;0;-1;-0.878645268578083
1459;2;4;4;1;0;0.35045015147723024
1458;1;4;4;0;-1;-0.3494419298231426
1457;3;5;5;1;0;0.871083605909746
1456;0;3;3;0;-1;-0.8685617224859286
1455;2;4;4;1;0;0.34641566960937187
1454;1;4;4;0;-1;-0.345406384103665
1453;3;5;5;1;0;0.8609920809298934
1452;0;3;3;0;-1;-0.8584675357722418
1451;2;4;4;1;0;0.3423769298090775
1450;1;4;4;0;-1;-0.341366578767035
1449;3;5;5;1;0;0.8508899026931473
1448;0;3;3;0;-1;-0.8483626915854217
1447;2;4;4;1;0;0.3383339253321438
1446;1;4;4;0;-1;-0.3373225070654948
1445;3;5;5;1;0;0.8407770543212081
1444;0;3;3;0;-1;-0.8382471730382797
1443;2;4;4;1;0;0.33428664942013064
1442;1;4;4;0;-1;-0.3332741622370303
1441;3;5;5;1;0;0.8306535189001139
1440;0;3;3;0;-1;-0.8281209632079012
1439;2;4;4;1;0;0.3302350953002975
1438;1;4;4;0;-1;-0.329221537505326
1437;3;5;5;1;0;0.8205192794801341
1436;0;3;3;0;-1;-0.8179840451356029
1435;2;4;4;1;0;0.3261792561855863
1434;1;4;4;0;-1;-0.3251646260797312
1433;3;5;5;1;0;0.8103743190756632
1432;0;3;3;0;-1;-0.8078364018268012
1431;2;4;4;1;0;0.32211912527456654
1430;1;4;4;0;-1;-0.32110342115522705
1429;3;5;5;1;0;0.8002186206651523
1428;0;3;3;0;-1;-0.7976780162509343
1427;2;4;4;1;0;0.31805469575141476
1426;1;4;4;0;-1;-0.31703791591237795
1425;3;5;5;1;0;0.7900521671909928
1424;0;3;3;0;-1;-0.7875088713413803
1423;2;4;4;1;0;0.31398596078586394
1422;1;4;4;0;-1;-0.3129681035173011
1421;3;5;5;1;0;0.7798749415594273
1420;0;3;3;0;-1;-0.7773289499953187
1419;2;4;4;1;0;0.3099129135331644
1418;1;4;4;0;-1;-0.3088939771216248
1417;3;5;5;1;0;0.7696869266404605
1416;0;3;3;0;-1;-0.7671382350736877
1415;2;4;4;1;0;0.3058355471340599
1414;1;4;4;0;-1;-0.30481552986244864
1413;3;5;5;1;0;0.7594881052677565
1412;0;3;3;0;-1;-0.7569367094010389
1411;2;4;4;1;0;0.30175385471472627
1410;1;4;4;0;-1;-0.30073275486231754
1409;3;5;5;1;0;0.7492784602385463
1408;0;3;3;0;-1;-0.7467243557654868
1407;2;4;4;1;0;0.2976678293867554
1406;1;4;4;0;-1;-0.2966456452291606
1405;3;5;5;1;0;0.7390579743135106
1404;0;3;3;0;-1;-0.736501156918564
1403;2;4;4;1;0;0.2935774642471065
1402;1;4;4;0;-1;-0.2925541940562715
1401;3;5;5;1;0;0.728826630216723
1400;0;3;3;0;-1;-0.7262670955751673
1399;2;4;4;1;0;0.28948275237805987
1398;1;4;4;0;-1;-0.2884583944222614
1397;3;5;5;1;0;0.7185844106355184
1396;0;3;3;0;-1;-0.7160221544134409
1395;2;4;4;1;0;0.28538368684719284
1394;1;4;4;0;-1;-0.28435823939102
1393;3;5;5;1;0;0.7083312982204006
1392;0;3;3;0;-1;-0.7057663160746728
1391;2;4;4;1;0;0.28128026070732925
1390;1;4;4;0;-1;-0.28025372201167986
1389;3;5;5;1;0;0.6980672755849717
1388;0;3;3;0;-1;-0.6954995631631995
1387;2;4;4;1;0;0.27717246699650566
1386;1;4;4;0;-1;-0.27614483531857026
1385;3;5;5;1;0;0.6877923253057929
1384;0;3;3;0;-1;-0.685221878246324
1383;2;4;4;1;0;0.27306029873793225
1382;1;4;4;0;-1;-0.2720315723311941
1381;3;5;5;1;0;0.6775064299223139
1380;0;3;3;0;-1;-0.6749332438541948
1379;2;4;4;1;0;0.26894374893994666
1378;1;4;4;0;-1;-0.2679139260541623
1377;3;5;5;1;0;0.6672095719367626
1376;0;3;3;0;-1;-0.6646336424797283
1375;2;4;4;1;0;0.2648228105959829
1374;1;4;4;0;-1;-0.2637918894771776
1373;3;5;5;1;0;0.6569017338140526
1372;0;3;3;0;-1;-0.6543230565784839
1371;2;4;4;1;0;0.2606974766845269
1370;1;4;4;0;-1;-0.2596654555749831
1369;3;5;5;1;0;0.6465828979816699
1368;0;3;3;0;-1;-0.6440014685686002
1367;2;4;4;1;0;0.25656774016908024
1366;1;4;4;0;-1;-0.2555346173073243
1365;3;5;5;1;0;0.6362530468296121
1364;0;3;3;0;-1;-0.6336688608306389
1363;2;4;4;1;0;0.2524335939981146
1362;1;4;4;0;-1;-0.25139936761891146
1361;3;5;5;1;0;0.6259121627102218
1360;0;3;3;0;-1;-0.6233252157075597
1359;2;4;4;1;0;0.24829503110503026
1358;1;4;4;0;-1;-0.2472596994393772
1357;3;5;5;1;0;0.6155602279381469
1356;0;3;3;0;-1;-0.6129705155045393
1355;2;4;4;1;0;0.24415204440813465
1354;1;4;4;0;-1;-0.24311560568323642
1353;3;5;5;1;0;0.6051972247902064
1352;0;3;3;0;-1;-0.6026047424889498
1351;2;4;4;1;0;0.240004626810574
1350;1;4;4;0;-1;-0.2389670792498464
1349;3;5;5;1;0;0.5948231355053082
1348;0;3;3;0;-1;-0.592227878890192
1347;2;4;4;1;0;0.23585277120030845
1346;1;4;4;0;-1;-0.23481411302336497
1345;3;5;5;1;0;0.5844379422843424
1344;0;3;3;0;-1;-0.5818399068996278
1343;2;4;4;1;0;0.2316964704500748
1342;1;4;4;0;-1;-0.2306566998727151
1341;3;5;5;1;0;0.5740416272900575
1340;0;3;3;0;-1;-0.5714408086704665
1339;2;4;4;1;0;0.22753571741733403
1338;1;4;4;0;-1;-0.22649483265153503
1337;3;5;5;1;0;0.5636341726469922
1336;0;3;3;0;-1;-0.561030566317676
1335;2;4;4;1;0;0.22337050494424204
1334;1;4;4;0;-1;-0.22232850419814199
1333;3;5;5;1;0;0.5532155604413482
1332;0;3;3;0;-1;-0.5506091619178548
1331;2;4;4;1;0;0.21920082585759726
1330;1;4;4;0;-1;-0.21815770733549655
1329;3;5;5;1;0;0.5427857727209116
1328;0;3;3;0;-1;-0.5401765775091647
1327;2;4;4;1;0;0.21502667296881395
1326;1;4;4;0;-1;-0.21398243487115032
1325;3;5;5;1;0;0.5323447914949071
1324;0;3;3;0;-1;-0.5297327950911992
1323;2;4;4;1;0;0.21084803907386274
1322;1;4;4;0;-1;-0.20980267959721477
1321;3;5;5;1;0;0.5218925987339631
1320;0;3;3;0;-1;-0.519277796624884
1319;2;4;4;1;0;0.20666491695324396
1318;1;4;4;0;-1;-0.20561843429031512
1317;3;5;5;1;0;0.5114291763699299
1316;0;3;3;0;-1;-0.5088115640323814
1315;2;4;4;1;0;0.20247729937193615
1314;1;4;4;0;-1;-0.201429691711545
1313;3;5;5;1;0;0.5009545062958338
1312;0;4;4;0;-1;-0.4983340791969866
1311;2;4;4;1;0;0.19828517907937115
1310;1;4;4;0;-1;-0.19723644460643364
1309;3;4;4;1;0;0.4904685703657421
1308;0;4;4;0;-1;-0.4878453239630183
1307;2;4;4;1;0;0.19408854880936488
1306;1;4;4;0;-1;-0.19303868570489513
1305;3;4;4;1;0;0.47997135039466343
1304;0;4;4;0;-1;-0.47734528013571165
1303;2;4;4;1;0;0.1898874012801004
1302;1;4;4;0;-1;-0.18883640772119392
1301;3;4;4;1;0;0.46946282815846985
1300;0;4;4;0;-1;-0.466833929481119
1299;2;4;4;1;0;0.185681729194072
1298;1;4;4;0;-1;-0.1846296033538941
1297;3;4;4;1;0;0.45894298539374745
1296;0;4;4;0;-1;-0.4563112537259961
1295;2;4;4;1;0;0.18147152523804344
1294;1;4;4;0;-1;-0.18041826528583194
1293;3;4;4;1;0;0.44841180379772183
1292;0;4;4;0;-1;-0.4457772345577098
1291;2;4;4;1;0;0.1772567820830231
1290;1;4;4;0;-1;-0.17620238618405093
1289;3;4;4;1;0;0.4378692650281373
1288;0;4;4;0;-1;-0.43523185362411354
1287;2;4;4;1;0;0.17303749238419108
1286;1;4;4;0;-1;-0.17198195869978417
1285;3;4;4;1;0;0.4273153507031431
1284;0;4;4;0;-1;-0.4246750925334659
1283;2;4;4;1;0;0.16881364878088245
1282;1;4;4;0;-1;-0.16775697546838853
1281;3;4;4;1;0;0.4167500424012296
1280;0;4;4;0;-1;-0.414106932854299
1279;2;4;4;1;0;0.1645852438965294
1278;1;4;4;0;-1;-0.16352742910931806
1277;3;4;4;1;0;0.40617332166106834
1276;0;4;4;0;-1;-0.403527356115319
1275;2;4;4;1;0;0.1603522703386302
1274;1;4;4;0;-1;-0.15929331222607956
1273;3;4;4;1;0;0.39558516998142323
1272;0;4;4;0;-1;-0.3929363438052995
1271;2;4;4;1;0;0.1561147206986906
1270;1;4;4;0;-1;-0.1550546174061802
1269;3;4;4;1;0;0.3849855688210617
1268;0;4;4;0;-1;-0.3823338773729894
1267;2;4;4;1;0;0.15187258755220068
1266;1;4;4;0;-1;-0.1508113372210893
1265;3;4;4;1;0;0.3743744995986127
1264;0;4;4;0;-1;-0.37171993822696336
1263;2;4;4;1;0;0.14762586345857187
1262;1;4;4;0;-1;-0.14656346422619926
1261;3;4;4;1;0;0.3637519436924812
1260;0;4;4;0;-1;-0.3610945077355723
1259;2;4;4;1;0;0.14337454096110847
1258;1;4;4;0;-1;-0.14231099096077227
1257;3;4;4;1;0;0.3531178824407526
1256;0;4;4;0;-1;-0.35045756722676913
1255;2;4;4;1;0;0.13911861258694902
1254;1;4;4;0;-1;-0.13805390994790923
1253;3;4;4;1;0;0.3424722971410361
1252;0;4;4;0;-1;-0.33980909798805925
1251;2;4;4;1;0;0.1348580708470397
1250;1;4;4;0;-1;-0.1337922136944938
1249;3;4;4;1;0;0.3318151690503939
1248;0;4;4;0;-1;-0.3291490812663511
1247;2;4;4;1;0;0.1305929082360784
1246;1;4;4;0;-1;-0.12952589469115772
1245;3;4;4;1;0;0.32114647938523433
1244;0;4;4;0;-1;-0.3184774982678391
1243;2;4;4;1;0;0.12632311723247458
1242;1;4;4;0;-1;-0.12525494541223203
1241;3;4;4;1;0;0.31046620932117364
1240;0;4;4;0;-1;-0.30779433015795377
1239;2;4;4;1;0;0.12204869029830245
1238;1;4;4;0;-1;-0.12097935831569995
1237;3;4;4;1;0;0.29977433999293623
1236;0;4;4;0;-1;-0.29709955806117705
1235;2;4;4;1;0;0.1177696198792626
1234;1;4;4;0;-1;-0.11669912584315867
1233;3;4;4;1;0;0.28907085249426956
1232;0;4;4;0;-1;-0.2863931630609784
1231;2;4;4;1;0;0.11348589840462964
1230;1;4;4;0;-1;-0.11241424041977144
1229;3;4;4;1;0;0.2783557278777806
1228;0;4;4;0;-1;-0.27567512619968326
1227;2;4;4;1;0;0.10919751828721225
1226;1;4;4;0;-1;-0.10812469445422845
1225;3;4;4;1;0;0.2676289471548756
1224;0;4;4;0;-1;-0.264945428478363
1223;2;4;4;1;0;0.1049044719233132
1222;1;4;4;0;-1;-0.10383048033868825
1221;3;4;4;1;0;0.25689049129562136
1220;0;4;4;0;-1;-0.2542040508567318
1219;2;4;4;1;0;0.10060675169266897
1218;1;4;4;0;-1;-0.09953159044875104
1217;3;4;4;1;0;0.2461403412286245
1216;0;4;4;0;-1;-0.24345097425303663
1215;2;4;4;1;0;0.09630434995842396
1214;1;4;4;0;-1;-0.09522801714339657
1213;3;4;4;1;0;0.23537847784094978
1212;0;4;4;0;-1;-0.23268617954391502
1211;2;4;4;1;0;0.09199725906707101
1210;1;4;4;0;-1;-0.09091975276494857
1209;3;4;4;1;0;0.22460488197798512
1208;0;4;4;0;-1;-0.22190964756431697
1207;2;4;4;1;0;0.08768547134840965
1206;1;4;4;0;-1;-0.08660678963903123
1205;3;4;4;1;0;0.21381953444331714
1204;0;4;4;0;-1;-0.2111213591073806
1203;2;4;4;1;0;0.08336897911550523
1202;1;4;4;0;-1;-0.0822891200745186
1201;3;4;4;1;0;0.20302241599864246
1200;0;4;4;0;-1;-0.20032129492430073
1199;2;4;4;1;0;0.07904777466463919
1198;1;4;4;0;-1;-0.07796673636348483
1197;3;4;4;1;0;0.19221350736364684
1196;0;4;4;0;-1;-0.18950943572423284
1195;2;4;4;1;0;0.07472185027526201
1194;1;4;4;0;-1;-0.07363963078116864
1193;3;4;4;1;0;0.1813927892158702
1192;0;4;4;0;-1;-0.17868576217418308
1191;2;4;4;1;0;0.07039119820995143
1190;1;4;4;0;-1;-0.06930779558591826
1189;3;4;4;1;0;0.17056024219062493
1188;0;4;4;0;-1;-0.16785025489887317
1187;2;4;4;1;0;0.06605581071436006
1186;1;4;4;0;-1;-0.06497122301915237
1185;3;4;4;1;0;0.1597158468808466
1184;0;4;4;0;-1;-0.15700289448063742
1183;2;4;4;1;0;0.0617156800171772
1182;1;4;4;0;-1;-0.06062990530531387
1181;3;4;4;1;0;0.1488595838370088
1180;0;4;4;0;-1;-0.14614366145930546
1179;2;4;4;1;0;0.05737079833007641
1178;1;4;4;0;-1;-0.05628383465180775
1177;3;4;4;1;0;0.13799143356698096
1176;0;4;4;0;-1;-0.13527253633207792
1175;2;4;4;1;0;0.05302115784767025
1174;1;4;4;0;-1;-0.05193300324898065
1173;3;4;4;1;0;0.12711137653592175
1172;0;4;4;0;-1;-0.12438949955343048
1171;2;4;4;1;0;0.04866675074746585
1170;1;4;4;0;-1;-0.04757740327005333
1169;3;4;4;1;0;0.11621939316617258
1168;0;4;4;0;-1;-0.1134945315349718
1167;2;4;4;1;0;0.04430756918981249
1166;1;4;4;0;-1;-0.04321702687107809
1165;3;4;4;1;0;0.10531546383712609
1164;0;4;4;0;-1;-0.10258761264534044
1163;2;4;4;1;0;0.03994360531786256
1162;1;4;4;0;-1;-0.03885186619089964
1161;3;4;4;1;0;0.09439956888511247
1160;0;4;4;0;-1;-0.09166872321007702
1159;2;4;4;1;0;0.03557485125751558
1158;1;4;4;0;-1;-0.03448191335110096
1157;3;4;4;1;0;0.0834716886032787
1156;0;4;4;0;-1;-0.08073784351151758
1155;2;4;4;1;0;0.0312012991173809
1154;1;4;4;0;-1;-0.03010716045595707
1153;3;4;4;1;0;0.07253180324147834
1152;0;4;4;0;-1;-0.0697949537886764
1151;2;4;4;1;0;0.02682294098871907
1150;1;4;4;0;-1;-0.02572759959238713
1149;3;4;4;1;0;0.06157989300613664
1148;0;4;4;0;-1;-0.05884003423711448
1147;2;4;4;1;0;0.02243976894540367
1146;1;4;4;0;-1;-0.021343222829906416
1145;3;4;4;1;0;0.05061593806016518
1144;0;4;4;0;-1;-0.04787306500881883
1143;2;4;4;1;0;0.01805177504386357
1142;1;4;4;0;-1;-0.01695402222057929
1141;3;4;4;1;0;0.03963991852278781
1140;0;4;4;0;-1;-0.03689402621209581
1139;2;4;4;1;0;0.013658951323050061
1138;1;4;4;0;-1;-0.012559989798978322
1137;3;4;4;1;0;0.028651814469476733
1136;0;4;4;0;-1;-0.025902897911450395
1135;2;4;4;1;0;0.009261289804369355
1134;1;4;4;0;-1;-0.00816111758211946
1133;3;4;4;1;0;0.01765160593178905
1132;0;4;4;0;-1;-0.01489966012744759
1131;2;4;4;1;0;0.004858782491654168
1130;1;4;4;0;-1;-0.003757397569428278
1129;3;4;4;1;0;0.006639272897270843
1128;0;4;4;0;-1;-0.003884292836602299
1127;2;4;4;1;0;0.00045142137109888125
1126;1;4;4;1;0;0.0006511782573159763
1125;3;4;4;0;-1;-0.004385204690670719
1124;0;4;4;1;0;0.007143224028720141
1123;2;4;4;0;-1;-0.0039608015887822035
1122;1;4;4;1;0;0.005064617934024795
1121;3;4;4;0;-1;-0.015421846932881067
1120;0;4;4;1;0;0.018182910580460288
1119;2;4;4;0;-1;-0.008377894437199274
1118;1;4;4;1;0;0.00948292951434837
1117;3;4;4;0;-1;-0.026470673974625214
1116;0;4;4;1;0;0.029234786974988936
1115;2;4;4;0;-1;-0.012799865241147401
1114;1;4;4;1;0;0.013906121069732436
1113;3;4;4;0;-1;-0.03753170600562683
1112;0;4;4;1;0;0.04029887341318528
1111;2;4;4;0;-1;-0.017226722085441182
1110;1;4;4;1;0;0.018334200689459124
1109;3;4;4;0;-1;-0.048604963260277856
1108;0;4;4;1;0;0.05137519014061098
1107;2;4;4;0;-1;-0.021658473072777795
1106;1;4;4;1;0;0.022767176480702034
1105;3;4;4;0;-1;-0.059690466017698895
1104;0;4;4;1;0;0.06246375744759192
1103;2;4;4;0;-1;-0.026095126323777862
1102;1;4;4;1;0;0.027205056568572417
1101;3;4;4;0;-1;-0.07078823460190264
1100;0;4;4;1;0;0.07356459566938511
1099;2;4;4;0;-1;-0.030536689977036957
1098;1;4;4;1;0;0.03164784909616358
1097;3;4;4;0;-1;-0.08189828938188626
1096;0;4;4;1;0;0.08467772518626049
1095;2;4;4;0;-1;-0.0349831721891789
1094;1;4;4;1;0;0.036095562224613076
1093;3;4;4;0;-1;-0.09302065077178767
1092;0;4;4;1;0;0.09580316642364295
1091;2;4;4;0;-1;-0.03943458113489662
1090;1;4;4;1;0;0.040548204133145305
1089;3;4;4;0;-1;-0.10415533923098508
1088;0;4;4;1;0;0.10694093985226871
1087;2;4;4;0;-1;-0.0438909250070143
1086;1;4;4;1;0;0.04500578301912128
1085;3;4;4;0;-1;-0.11530237526424969
1084;0;4;4;1;0;0.1180910659882457
1083;2;4;4;0;-1;-0.04835221201653006
1082;1;4;4;1;0;0.04946830709808836
1081;3;4;4;0;-1;-0.12646177942183456
1080;0;4;4;1;0;0.12925356539322763
1079;2;4;4;0;-1;-0.052818450392667415
1078;1;4;4;1;0;0.05393578460383708
1077;3;4;4;0;-1;-0.13763357229962025
1076;0;4;4;1;0;0.14042845867453835
1075;2;4;4;0;-1;-0.05728964838292505
1074;1;4;4;1;0;0.05840822378844557
1073;3;4;4;0;-1;-0.14881777453926048
1072;0;4;4;1;0;0.1516157664852713
1071;2;4;4;0;-1;-0.061765814253133655
1070;1;4;4;1;0;0.0628856329223293
1069;3;4;4;0;-1;-0.1600144068282816
1068;0;4;4;1;0;0.1628155095244459
1067;2;4;4;0;-1;-0.06624695628749677
1066;1;4;4;1;0;0.06736802029429434
1065;3;4;4;0;-1;-0.17122348990021408
1064;0;4;4;1;0;0.17402770853713534
1063;2;4;4;0;-1;-0.07073308278864765
1062;1;4;4;1;0;0.07185539421159426
1061;3;4;4;0;-1;-0.18244504453473454
1060;0;4;4;1;0;0.18525238431454127
1059;2;4;4;0;-1;-0.0752242020777043
1058;1;4;4;1;0;0.0763477629999727
1057;3;4;4;0;-1;-0.19367909155777951
1056;0;4;4;1;0;0.19648955769419985
1055;2;4;4;0;-1;-0.07972032249431393
1054;1;4;4;1;0;0.08084513500372026
1053;3;4;4;0;-1;-0.20492565184168043
1052;0;4;4;1;0;0.20773924956006695
1051;2;4;4;0;-1;-0.08422145239670975
1050;1;4;4;1;0;0.08534751858571887
1049;3;4;4;0;-1;-0.21618474630530216
1048;0;4;4;1;0;0.21900148084265325
1047;2;4;4;0;-1;-0.08872760016175896
1046;1;4;4;1;0;0.08985492212750401
1045;3;4;4;0;-1;-0.2274563959141389
1044;0;4;4;1;0;0.2302762725191414
1043;2;4;4;0;-1;-0.09323877418501425
1042;1;4;4;1;0;0.09436735402931085
1041;3;4;4;0;-1;-0.2387406216805097
1040;0;4;4;1;0;0.24156364561356014
1039;2;4;4;0;-1;-0.09775498288077067
1038;1;4;4;1;0;0.09888482271012755
1037;3;4;4;0;-1;-0.25003744466360445
1036;0;4;4;1;0;0.2528636211968447
1035;2;4;4;0;-1;-0.10227623468211533
1034;1;4;4;1;0;0.10340733660774504
1033;3;4;4;0;-1;-0.2613468859696866
1032;0;4;4;1;0;0.2641762203870499
1031;2;4;4;0;-1;-0.10680253804097717
1030;1;4;4;1;0;0.10793490417881557
1029;3;4;4;0;-1;-0.2726689667521853
1028;0;4;4;1;0;0.2755014643494178
1027;2;4;4;0;-1;-0.11133390142818911
1026;1;4;4;1;0;0.11246753389889719
1025;3;4;4;0;-1;-0.28400370821183785
1024;0;4;4;1;0;0.28683937429653383
1023;2;4;4;0;-1;-0.11587033333352181
1022;1;4;4;1;0;0.11700523426251586
1021;3;4;4;0;-1;-0.29535113159683846
1020;0;4;4;1;0;0.29818997148846904
1019;2;4;4;0;-1;-0.1204118422657583
1018;1;4;4;1;0;0.12154801378320812
1017;3;4;4;0;-1;-0.30671125820292033
1016;0;4;4;1;0;0.30955327723288306
1015;2;4;4;0;-1;-0.12495843675273832
1014;1;4;4;1;0;0.12609588099358504
1013;3;4;4;0;-1;-0.31808410937357223
1012;0;4;4;1;0;0.32092931288518045
1011;2;4;4;0;-1;-0.1295101253414046
1010;1;4;4;1;0;0.1306488444453784
1009;3;4;4;0;-1;-0.32946970650007756
1008;0;4;4;1;0;0.332318099848667
1007;2;4;4;0;-1;-0.1340669165978685
1006;1;4;4;1;0;0.13520691270949925
1005;3;4;4;0;-1;-0.34086807102172045
1004;0;4;4;1;0;0.3437196595746137
1003;2;4;4;0;-1;-0.13862881910745806
1002;1;4;4;1;0;0.13977009437608245
1001;3;4;4;0;-1;-0.3522792244258923
1000;0;4;4;1;0;0.3551340135624699
999;2;4;4;0;-1;-0.1431958414747676
998;1;4;4;1;0;0.14433839805455406
997;3;4;4;0;-1;-0.3637031882482127
996;0;4;4;1;0;0.366561183359952
995;2;4;4;0;-1;-0.14776799232372007
994;1;4;4;1;0;0.148911832373674
993;3;4;4;0;-1;-0.3751399840727174
992;0;4;4;1;0;0.3780011905631717
991;2;4;4;0;-1;-0.15234528029761663
990;1;4;4;1;0;0.15349040598159824
989;3;4;4;0;-1;-0.38658963353190856
988;0;4;4;1;0;0.3894540568168203
987;2;4;4;0;-1;-0.15692771405919181
986;1;4;4;1;0;0.1580741275459303
985;3;4;4;0;-1;-0.39805215830697804
984;0;4;4;1;0;0.4009198038142543
983;2;4;4;0;-1;-0.1615153022906668
982;1;4;4;1;0;0.16266300575376746
981;3;4;4;0;-1;-0.40952758012789303
980;0;4;4;1;0;0.4123984532976728
979;2;4;4;0;-1;-0.16610805369381332
978;1;4;4;1;0;0.16725704931177532
977;3;4;4;0;-1;-0.42101592077354866
976;0;4;4;1;0;0.4238900270582171
975;2;4;4;0;-1;-0.17070597698998924
974;1;4;4;1;0;0.17185626694622513
973;3;4;4;0;-1;-0.43251720207190303
972;0;4;4;1;0;0.43539454693613067
971;2;4;4;0;-1;-0.1753090809202149
970;1;4;4;1;0;0.17646066740305422
969;3;4;4;0;-1;-0.44403144590013
968;0;4;4;1;0;0.446912034820901
967;2;4;4;0;-1;-0.1799173742452158
966;1;4;4;1;0;0.18107025944792987
965;3;4;4;0;-1;-0.4555586741847186
964;0;4;4;1;0;0.4584425126513949
963;2;4;4;0;-1;-0.18453086574548294
962;1;4;4;1;0;0.18568505186628492
961;3;4;4;0;-1;-0.46709890890165795
960;0;4;4;1;0;0.469986002415979
959;2;4;4;0;-1;-0.1891495642213279
958;1;4;4;1;0;0.19030505346339943
957;3;4;4;0;-1;-0.4786521720765471
956;0;4;4;1;0;0.48154252615268334
955;2;4;4;0;-1;-0.19377347849293258
954;1;4;4;1;0;0.19493027306443445
953;3;4;4;0;-1;-0.49021848578475513
952;0;4;4;1;0;0.49311210594934707
951;2;4;4;0;-1;-0.1984026174004203
950;1;4;4;1;0;0.19956071951450127
949;3;3;3;0;-1;-0.501797872151549
948;0;5;5;1;0;0.5046947639437214
947;2;4;4;0;-1;-0.20303698980389484
946;1;4;4;1;0;0.204196401678713
945;3;3;3;0;-1;-0.5133903533522322
944;0;5;5;1;0;0.51629052232364
943;2;4;4;0;-1;-0.20767660458351145
942;1;4;4;1;0;0.20883732844224134
941;3;3;3;0;-1;-0.52499595161229
940;0;5;5;1;0;0.5278994033271687
939;2;4;4;0;-1;-0.21232147063952134
938;1;4;4;1;0;0.2134835087103788
937;3;3;3;0;-1;-0.5366146892075356
936;0;5;5;1;0;0.5395214292427184
935;2;4;4;0;-1;-0.21697159689233736
934;1;4;4;1;0;0.21813495140857952
933;3;3;3;0;-1;-0.5482465884642593
932;0;5;5;1;0;0.551156622409227
931;2;4;4;0;-1;-0.22162699228259086
930;1;4;4;1;0;0.22279166548253748
929;3;3;3;0;-1;-0.5598916717593561
928;0;5;5;1;0;0.562805005216255
927;2;4;4;0;-1;-0.22628766577117965
926;1;4;4;1;0;0.22745365989823085
925;3;3;3;0;-1;-0.5715499615204713
924;0;5;5;1;0;0.5744666001041487
923;2;4;4;0;-1;-0.23095362633933547
922;1;4;4;1;0;0.2321209436419842
921;3;3;3;0;-1;-0.5832214802261504
920;0;5;5;1;0;0.5861414295642184
919;2;4;4;0;-1;-0.23562488298867912
918;1;4;4;1;0;0.23679352572052537
917;3;3;3;0;-1;-0.5949062504059803
916;0;5;5;1;0;0.5978295161388303
915;2;4;4;0;-1;-0.24030144474127724
914;1;4;4;1;0;0.2414714151610351
913;3;3;3;0;-1;-0.6066042946407464
912;0;5;5;1;0;0.6095308824215842
911;2;4;4;0;-1;-0.24498332063970096
910;1;4;4;1;0;0.24615462101122354
909;3;3;3;0;-1;-0.6183156355625457
908;0;5;5;1;0;0.6212455510574486
907;2;4;4;0;-1;-0.2496705197470792
906;1;4;4;1;0;0.2508431523393728
905;3;3;3;0;-1;-0.630040295854986
904;0;5;5;1;0;0.632973544742903
903;2;4;4;0;-1;-0.2543630511471697
902;1;4;4;1;0;0.2555370182343992
901;3;3;3;0;-1;-0.6417782982532714
900;0;5;5;1;0;0.6447148862260867
899;2;4;4;0;-1;-0.2590609239444035
898;1;4;4;1;0;0.26023622780591715
897;3;3;3;0;-1;-0.6535296655443901
896;0;5;5;1;0;0.6564695983069662
895;2;4;4;0;-1;-0.26376414726395403
894;1;4;4;1;0;0.2649407901842906
893;3;3;3;0;-1;-0.6652944205672497
892;0;5;5;1;0;0.6682377038374447
891;2;4;4;0;-1;-0.2684727302517924
890;1;4;4;1;0;0.269650714520699
889;3;3;3;0;-1;-0.6770725862128337
888;0;5;5;1;0;0.6800192257215336
887;2;4;4;0;-1;-0.2731866820747424
886;1;4;4;1;0;0.27436600998719207
885;3;3;3;0;-1;-0.6888641854243325
884;0;5;5;1;0;0.6918141869155221
883;2;4;4;0;-1;-0.2779060119205443
882;1;4;4;1;0;0.2790866857767522
881;3;3;3;0;-1;-0.7006692411972999
880;0;5;5;1;0;0.7036226104280701
879;2;4;4;0;-1;-0.28263072899792263
878;1;4;4;1;0;0.2838127511033477
877;3;3;3;0;-1;-0.7124877765798168
876;0;5;5;1;0;0.7154445193203962
875;2;4;4;0;-1;-0.2873608425366285
874;1;4;4;1;0;0.28854421520200724
873;3;3;3;0;-1;-0.7243198146726151
872;0;5;5;1;0;0.727279936706438
871;2;4;4;0;-1;-0.2920963617875163
870;1;4;4;1;0;0.2932810873288627
869;3;3;3;0;-1;-0.736165378629245
868;0;5;5;1;0;0.7391288857529759
867;2;4;4;0;-1;-0.2968372960225878
866;1;4;4;1;0;0.2980233767612184
865;3;3;3;0;-1;-0.7480244916562384
864;0;5;5;1;0;0.7509913896798075
863;2;4;4;0;-1;-0.3015836545350705
862;1;4;4;1;0;0.3027710927976113
861;3;3;3;0;-1;-0.7598971770132259
860;0;5;5;1;0;0.7628674717598471
859;2;4;4;0;-1;-0.30633544663946743
858;1;4;4;1;0;0.307524244757877
857;3;3;3;0;-1;-0.7717834580131218
856;0;5;5;1;0;0.7747571553193602
855;2;4;4;0;-1;-0.3110926816716173
854;1;4;4;1;0;0.3122828419831958
853;3;3;3;0;-1;-0.7836833580222482
852;0;5;5;1;0;0.7866604637380625
851;2;4;4;0;-1;-0.31585536898875866
850;1;4;4;1;0;0.3170468938361708
849;3;3;3;0;-1;-0.7955969004605201
848;0;5;5;1;0;0.7985774204492735
847;2;4;4;0;-1;-0.32062351796959554
846;1;4;4;1;0;0.32181640970087244
845;3;3;3;0;-1;-0.8075241088015694
844;0;5;5;1;0;0.8105080489400898
843;2;4;4;0;-1;-0.3253971380143508
842;1;4;4;1;0;0.3265913989829201
841;3;3;3;0;-1;-0.8194650065729192
840;0;5;5;1;0;0.822452372751517
839;2;4;4;0;-1;-0.3301762385448317
838;1;4;4;1;0;0.3313718711095248
837;3;3;3;0;-1;-0.8314196173561292
836;0;5;5;1;0;0.8344104154786578
835;2;4;4;0;-1;-0.3349608290044923
834;1;4;4;1;0;0.336157835529562
833;3;3;3;0;-1;-0.8433879647869453
832;0;5;5;1;0;0.8463822007708295
831;2;4;4;0;-1;-0.3397509188584955
830;1;4;4;1;0;0.3409493017136338
829;3;3;3;0;-1;-0.8553700725554769
828;0;5;5;1;0;0.8583677523317483
827;2;4;4;0;-1;-0.3445465175937752
826;1;4;4;1;0;0.3457462791541239
825;3;3;3;0;-1;-0.867365964406325
824;0;5;5;1;0;0.8703670939196719
823;2;4;4;0;-1;-0.349347634719102
822;1;4;4;1;0;0.3505487773652689
821;3;3;3;0;-1;-0.8793756641387631
820;0;5;5;1;0;0.8823802493475661
819;2;4;4;0;-1;-0.3541542797651349
818;1;4;4;1;0;0.3553568058832184
817;3;3;3;0;-1;-0.8913991956068799
816;0;5;5;1;0;0.8944072424832434
815;2;4;4;0;-1;-0.35896646228449924
814;1;4;4;1;0;0.360170374266092
813;3;3;3;0;-1;-0.9034365827197419
812;0;5;5;1;0;0.906448097249541
811;2;4;4;0;-1;-0.36378419185184363
810;1;4;4;1;0;0.36498949209405573
809;3;3;3;0;-1;-0.9154878494415541
808;0;5;5;1;0;0.918502837624473
807;2;4;4;0;-1;-0.3686074780638968
806;1;4;4;1;0;0.36981416896937347
805;3;3;3;0;-1;-0.9275530197918123
804;0;5;5;1;0;0.9305714876413838
803;2;4;4;0;-1;-0.37343633053954406
802;1;4;4;1;0;0.3746444145164709
801;3;3;3;0;-1;-0.9396321178454734
800;0;5;5;1;0;0.9426540713891214
799;2;4;4;0;-1;-0.37827075891988216
798;1;4;4;1;0;0.37948023838201017
797;3;3;3;0;-1;-0.9517251677331018
796;0;5;5;1;0;0.9547506130121839
795;2;4;4;0;-1;-0.38311077286828343
794;1;4;4;1;0;0.3843216502349467
793;3;3;3;0;-1;-0.9638321936410499
792;0;5;5;1;0;0.9668611367108788
791;2;4;4;0;-1;-0.3879563820704668
790;1;4;4;1;0;0.3891686597665931
789;3;3;3;0;-1;-0.9759532198116005
788;0;5;5;1;0;0.9789856667414973
787;2;4;4;0;-1;-0.3928075962345563
786;1;4;4;1;0;0.394021276690685
785;3;3;3;0;-1;-0.9880882705431198
784;0;5;5;1;0;0.9911242274164742
783;2;4;4;0;-1;-0.39766442509114697
782;1;4;4;1;0;0.3988795107434502
781;3;3;3;-1;-2;-1.0002373701902592
780;0;5;5;2;1;1.0032768431045405
779;2;4;4;0;-1;-0.40252687839337575
778;1;4;4;1;0;0.40374337168366026
777;3;3;3;-1;-2;-1.0124005431640875
776;0;5;5;2;1;1.015443538230894
775;2;4;4;0;-1;-0.4073949659169749
774;1;4;4;1;0;0.408612869292714
773;3;3;3;-1;-2;-1.0245778139322468
772;0;5;5;2;1;1.0276243372773664
771;2;4;4;0;-1;-0.41226869746034644
770;1;4;4;1;0;0.41348801337469254
769;3;3;3;-1;-2;-1.0367692070191588
768;0;5;5;2;1;1.0398192647825617
767;2;4;4;0;-1;-0.4171480828446299
766;1;4;4;1;0;0.41836881375642854
765;3;3;3;-1;-2;-1.0489747470061346
764;0;5;5;2;1;1.0520283453420625
763;2;4;4;0;-1;-0.42203313191376246
762;1;4;4;1;0;0.42325528028756665
761;3;3;3;-1;-2;-1.061194458531567
760;0;5;5;2;1;1.0642516036085716
759;2;4;4;0;-1;-0.42692385453454307
758;1;4;4;1;0;0.42814742284063456
757;3;3;3;-1;-2;-1.0734283662911217
756;0;5;5;2;1;1.0764890642920726
755;2;4;4;0;-1;-0.4318202605967123
754;1;4;4;1;0;0.4330452513111105
753;3;3;3;-1;-2;-1.085676495037852
752;0;5;5;2;1;1.0887407521600139
751;2;4;4;0;-1;-0.436722360012995
750;1;4;4;1;0;0.4379487756174907
749;3;3;3;-1;-2;-1.0979388695824106
748;0;5;5;2;1;1.1010066920374584
747;2;4;4;0;-1;-0.44163016271919453
746;1;4;4;1;0;0.44285800570134626
745;3;3;3;-1;-2;-1.1102155147931896
744;0;5;5;2;1;1.113286908807254
743;2;4;4;0;-1;-0.4465436786742423
742;1;4;4;1;0;0.4477729515274067
741;3;3;3;-1;-2;-1.1225064555964828
740;0;5;5;2;1;1.1255814274102214
739;2;4;4;0;-1;-0.4514629178602707
738;1;4;4;1;0;0.45269362308361494
737;3;3;3;-1;-2;-1.1348117169766923
736;0;5;5;2;1;1.137890272845297
735;2;4;4;0;-1;-0.456387890282679
734;1;4;4;1;0;0.45762003038119303
733;3;3;3;-1;-2;-1.147131323976474
732;0;5;5;2;1;1.1502134701697209
731;2;4;4;0;-1;-0.4613186059702006
730;1;4;4;1;0;0.4625521834547257
729;3;3;3;-1;-2;-1.159465301696894
728;0;5;5;2;1;1.1625510444992067
727;2;4;4;0;-1;-0.46625507497497765
726;1;4;4;1;0;0.46749009236221006
725;3;3;3;-1;-2;-1.1718136752976065
724;0;5;5;2;1;1.174903021008081
723;2;4;4;0;-1;-0.4711973073726181
722;1;4;4;1;0;0.4724337671851391
721;3;3;3;-1;-2;-1.1841764699970696
720;0;5;5;2;1;1.1872694249295002
719;2;4;4;0;-1;-0.4761453132622737
718;1;4;4;1;0;0.47738321802855843
717;3;3;3;-1;-2;-1.196553711072621
716;0;5;5;2;1;1.199650281555595
715;2;4;4;0;-1;-0.4810991027667093
714;1;4;4;1;0;0.4823384550211429
713;3;3;3;-1;-2;-1.208945423860758
712;0;5;5;2;1;1.2120456162376456
711;2;4;4;0;-1;-0.4860586860323597
710;1;4;4;1;0;0.4872994883152604
709;3;3;3;-1;-2;-1.2213516337572408
708;0;5;5;2;1;1.2244554543862662
707;2;4;4;0;-1;-0.4910240732294149
706;1;4;4;1;0;0.4922663280870463
705;3;3;3;-1;-2;-1.2337723662172806
704;0;5;5;2;1;1.236879821471561
703;2;4;4;0;-1;-0.495995274551877
702;1;4;4;1;0;0.4972389845364713
701;3;3;3;-1;-2;-1.2462076467557317
700;0;5;5;2;1;1.2493187430233057
699;2;3;3;0;-1;-0.5009723002176383
698;1;5;5;1;0;0.502217467887407
697;3;3;3;-1;-2;-1.258657500947244
696;0;5;5;2;1;1.2617722446311461
695;2;3;3;0;-1;-0.5059551604685453
694;1;5;5;1;0;0.5072017883877056
693;3;3;3;-1;-2;-1.2711219544264374
692;0;5;5;2;1;1.274240351944723
691;2;3;3;0;-1;-0.510943865570475
690;1;5;5;1;0;0.5121919563092554
689;3;3;3;-1;-2;-1.2836010328881144
688;0;5;5;2;1;1.2867230906738953
687;2;3;3;0;-1;-0.5159384258134008
686;1;5;5;1;0;0.5171879819480676
685;3;3;3;-1;-2;-1.296094762087396
684;0;5;5;2;1;1.2992204865889008
683;2;3;3;0;-1;-0.5209388515114597
682;1;5;5;1;0;0.5221898756243348
681;3;3;3;-1;-2;-1.3086031678399053
680;0;5;5;2;1;1.3117325655205185
679;2;3;3;0;-1;-0.5259451530030379
678;1;5;5;1;0;0.5271976476825113
677;3;3;3;-1;-2;-1.321126276021964
676;0;5;5;2;1;1.3242593533602722
675;2;3;3;0;-1;-0.5309573406508221
674;1;5;5;1;0;0.5322113084913767
673;3;3;3;-1;-2;-1.3336641125707516
672;0;5;5;2;1;1.3368008760605683
671;2;3;3;0;-1;-0.5359754248418902
670;1;5;5;1;0;0.5372308684441087
669;3;3;3;-1;-2;-1.346216703484501
668;0;5;5;2;1;1.3493571596349554
667;2;3;3;0;-1;-0.540999415987768
666;1;5;5;1;0;0.5422563379583618
665;3;3;3;-1;-2;-1.3587840748226654
664;0;5;5;2;1;1.361928230158206
663;2;3;3;0;-1;-0.5460293245245094
662;1;5;5;1;0;0.5472877274763324
661;3;3;3;-1;-2;-1.3713662527061068
660;0;5;5;2;1;1.374514113766569
659;2;3;3;0;-1;-0.5510651609127635
658;1;5;5;1;0;0.5523250474648318
657;3;3;3;-1;-2;-1.3839632633172663
656;0;5;5;2;1;1.3871148366578971
655;2;3;3;0;-1;-0.5561069356378567
654;1;5;5;1;0;0.5573683084153629
653;3;3;3;-1;-2;-1.396575132900356
652;0;5;5;2;1;1.3997304250918852
651;2;3;3;0;-1;-0.5611546592098513
650;1;5;5;1;0;0.5624175208441891
649;3;3;3;-1;-2;-1.4092018877615438
648;0;5;5;2;1;1.4123609053902122
647;2;3;3;0;-1;-0.5662083421636357
646;1;5;5;1;0;0.5674726952924107
645;3;3;3;-1;-2;-1.4218435542691275
644;0;5;5;2;1;1.4250063039367333
643;2;3;3;0;-1;-0.5712679950589763
642;1;5;5;1;0;0.5725338423260276
641;3;3;3;-1;-2;-1.4345001588537052
640;0;5;5;2;1;1.437666647177668
639;2;3;3;0;-1;-0.5763336284806098
638;1;5;5;1;0;0.5776009725360325
637;3;3;3;-1;-2;-1.4471717280083958
636;0;5;5;2;1;1.4503419616217847
635;2;3;3;0;-1;-0.5814052530383105
634;1;5;5;1;0;0.5826740965384687
633;3;3;3;-1;-2;-1.4598582882890092
632;0;5;5;2;1;1.4630322738405788
631;2;3;3;0;-1;-0.5864828793669616
630;1;5;5;1;0;0.5877532249745077
629;3;3;3;-1;-2;-1.472559866314203
628;0;5;5;2;1;1.4757376104684674
627;2;3;3;0;-1;-0.5915665181266334
626;1;5;5;1;0;0.592838368510531
625;3;3;3;-1;-2;-1.4852764887657024
624;0;5;5;2;1;1.4884579982029749
623;2;3;3;0;-1;-0.5966561800026575
622;1;5;5;1;0;0.5979295378381924
621;3;3;3;-1;-2;-1.4980081823884817
620;0;6;6;2;1;1.5011934638049027
619;2;3;3;0;-1;-0.6017518757056983
618;1;5;5;1;0;0.6030267436745032
617;3;2;2;-1;-2;-1.510754973990938
616;0;6;6;2;1;1.5139440340985466
615;2;3;3;0;-1;-0.6068536159718274
614;1;5;5;1;0;0.6081299967619014
613;3;2;2;-1;-2;-1.523516890445105
612;0;6;6;2;1;1.5267097359718633
611;2;3;3;0;-1;-0.6119614115626089
610;1;5;5;1;0;0.6132393078683336
609;3;2;2;-1;-2;-1.5362939586868016
608;0;6;6;2;1;1.539490596376659
607;2;3;3;0;-1;-0.6170752732651632
606;1;5;5;1;0;0.618354687787324
605;3;2;2;-1;-2;-1.5490862057158523
604;0;6;6;2;1;1.5522866423287915
603;2;3;3;0;-1;-0.6221952118922509
602;1;5;5;1;0;0.6234761473380495
601;3;2;2;-1;-2;-1.5618936585962793
600;0;6;6;2;1;1.565097900908352
599;2;3;3;0;-1;-0.6273212382823452
598;1;5;5;1;0;0.6286036973654259
597;3;2;2;-1;-2;-1.5747163444564762
596;0;6;6;2;1;1.5779243992598673
595;2;3;3;0;-1;-0.6324533632997067
594;1;5;5;1;0;0.6337373487401745
593;3;2;2;-1;-2;-1.587554290489411
592;0;6;6;2;1;1.5907661645924769
591;2;3;3;0;-1;-0.6375915978344651
590;1;5;5;1;0;0.6388771123589034
589;3;2;2;-1;-2;-1.600407523952807
588;0;6;6;2;1;1.6036232241801187
587;2;3;3;0;-1;-0.6427359528026919
586;1;5;5;1;0;0.6440229991441839
585;3;2;2;-1;-2;-1.6132760721693593
584;0;6;6;2;1;1.6164956053617523
583;2;3;3;0;-1;-0.6478864391464825
582;1;5;5;1;0;0.6491750200446251
581;3;2;2;-1;-2;-1.6261599625268843
580;0;6;6;2;1;1.6293833355415224
579;2;3;3;0;-1;-0.6530430678340302
578;1;5;5;1;0;0.6543331860349557
577;3;2;2;-1;-2;-1.639059222478572
576;0;6;6;2;1;1.6422864421889827
575;2;3;3;0;-1;-0.6582058498597032
574;1;5;5;1;0;0.6594975081161039
573;3;2;2;-1;-2;-1.6519738795431245
572;0;6;6;2;1;1.655204952839263
571;2;3;3;0;-1;-0.6633747962441223
570;1;5;5;1;0;0.6646679973152665
569;3;2;2;-1;-2;-1.6649039613050078
568;0;6;6;2;1;1.6681388950932678
567;2;3;3;0;-1;-0.6685499180342447
566;1;5;5;1;0;0.6698446646859963
565;3;2;2;-1;-2;-1.6778494954145984
564;0;6;6;2;1;1.6810882966178973
563;2;3;3;0;-1;-0.6737312263034401
562;1;5;5;1;0;0.6750275213082748
561;3;2;2;-1;-2;-1.6908105095883954
560;0;6;6;2;1;1.6940531851462204
559;2;3;3;0;-1;-0.6789187321515655
558;1;5;5;1;0;0.6802165782885989
557;3;2;2;-1;-2;-1.7037870316092416
556;0;6;6;2;1;1.7070335884776853
555;2;3;3;0;-1;-0.6841124467050506
554;1;5;5;1;0;0.6854118467600472
553;3;2;2;-1;-2;-1.7167790893264865
552;0;6;6;2;1;1.7200295344783108
551;2;3;3;0;-1;-0.6893123811169701
550;1;5;5;1;0;0.6906133378823771
549;3;2;2;-1;-2;-1.7297867106562173
548;0;6;6;2;1;1.733041051080889
547;2;3;3;0;-1;-0.6945185465671351
546;1;5;5;1;0;0.6958210628420858
545;3;2;2;-1;-2;-1.7428099235814365
544;0;6;6;2;1;1.7460681662851876
543;2;3;3;0;-1;-0.6997309542621579
542;1;5;5;1;0;0.7010350328525075
541;3;2;2;-1;-2;-1.7558487561522789
540;0;6;6;2;1;1.7591109081581422
539;2;3;3;0;-1;-0.7049496154355488
538;1;5;5;1;0;0.7062552591538847
537;3;2;2;-1;-2;-1.7689032364861887
536;0;6;6;2;1;1.7721693048340867
535;2;3;3;0;-1;-0.7101745413477811
534;1;5;5;1;0;0.7114817530134481
533;3;2;2;-1;-2;-1.7819733927681511
532;0;6;6;2;1;1.7852433845148923
531;2;3;3;0;-1;-0.7154057432863894
530;1;5;5;1;0;0.7167145257255001
529;3;2;2;-1;-2;-1.7950592532508693
528;0;6;6;2;1;1.7983331754702512
527;2;3;3;0;-1;-0.7206432325660259
526;1;5;5;1;0;0.7219535886114983
525;3;2;2;-1;-2;-1.808160846255003
524;0;6;6;2;1;1.8114387060378192
523;2;3;3;0;-1;-0.725887020528571
522;1;5;5;1;0;0.7271989530201353
521;3;2;2;-1;-2;-1.8212782001693348
520;0;6;6;2;1;1.8245600046234465
519;2;3;3;0;-1;-0.731137118543197
518;1;5;5;1;0;0.7324506303274205
517;3;2;2;-1;-2;-1.8344113434509772
516;0;6;6;2;1;1.8376970997013764
515;2;3;3;0;-1;-0.7363935380064532
514;1;5;5;1;0;0.7377086319367638
513;3;2;2;-1;-2;-1.8475603046256168
512;0;6;6;2;1;1.8508500198144517
511;2;3;3;0;-1;-0.7416562903423518
510;1;5;5;1;0;0.7429729692790481
509;3;2;2;-1;-2;-1.8607251122876818
508;0;6;6;2;1;1.8640187935743278
507;2;3;3;0;-1;-0.7469253870024435
506;1;5;5;1;0;0.7482436538127306
505;3;2;2;-1;-2;-1.8739057951005584
504;0;6;6;2;1;1.8772034496616783
503;2;3;3;0;-1;-0.7522008394659121
502;1;5;5;1;0;0.7535206970239106
501;3;2;2;-1;-2;-1.8871023817968258
500;0;6;6;2;1;1.890404016826377
499;2;3;3;0;-1;-0.7574826592396491
498;1;5;5;1;0;0.7588041104264214
497;3;2;2;-1;-2;-1.900314901178426
496;0;6;6;2;1;1.9036205238877564
495;2;3;3;0;-1;-0.7627708578583388
494;1;5;5;1;0;0.7640939055619107
493;3;2;2;-1;-2;-1.9135433821168775
492;0;6;6;2;1;1.916852999734779
491;2;3;3;0;-1;-0.7680654468845454
490;1;5;5;1;0;0.7693900939999221
489;3;2;2;-1;-2;-1.926787853553531
488;0;6;6;2;1;1.930101473326264
487;2;3;3;0;-1;-0.7733664379087948
486;1;5;5;1;0;0.774692687337982
485;3;2;2;-1;-2;-1.940048344499722
484;0;6;6;2;1;1.9433659736910798
483;2;3;3;0;-1;-0.7786738425496527
482;1;5;5;1;0;0.7800016972016905
481;3;2;2;-1;-2;-1.9533248840370057
480;0;6;6;2;1;1.956646529928392
479;2;3;3;0;-1;-0.783987672453824
478;1;5;5;1;0;0.7853171352447941
477;3;2;2;-1;-2;-1.9666175013174083
476;0;6;6;2;1;1.9699431712078344
475;2;3;3;0;-1;-0.789307939296231
474;1;5;5;1;0;0.7906390131492778
473;3;2;2;-1;-2;-1.9799262255635526
472;0;6;6;2;1;1.9832559267697576
471;2;3;3;0;-1;-0.7946346547800918
470;1;5;5;1;0;0.7959673426254579
469;3;2;2;-1;-2;-1.993251086068959
468;0;6;6;2;1;1.9965848259254173
467;2;3;3;0;-1;-0.7999678306370157
466;1;5;5;1;0;0.8013021354120475
465;3;2;2;-2;-3;-2.006592112198227
464;0;6;6;3;2;2.0099298980572122
463;2;3;3;0;-1;-0.8053074786270891
462;1;5;5;1;0;0.8066434032762633
461;3;2;2;-2;-3;-2.0199493333872205
460;0;6;6;3;2;2.023291172618869
459;2;3;3;0;-1;-0.8106536105389512
458;1;5;5;1;0;0.811991158013905
457;3;2;2;-2;-3;-2.03332277914334
456;0;6;6;3;2;2.0366686791357083
455;2;3;3;0;-1;-0.816006238189896
454;1;5;5;1;0;0.8173454114494358
453;3;2;2;-2;-3;-2.0467124790456985
452;0;6;6;3;2;2.0500624472047946
451;2;3;3;0;-1;-0.8213653734259463
450;1;5;5;1;0;0.8227061754360836
449;3;2;2;-2;-3;-2.0601184627453755
448;0;6;6;3;2;2.06347250649522
447;2;3;3;0;-1;-0.8267310281219515
446;1;5;5;1;0;0.828073461855908
445;3;2;2;-2;-3;-2.073540759965578
444;0;6;6;3;2;2.076898886748289
443;2;3;3;0;-1;-0.8321032141816698
442;1;5;5;1;0;0.8334472826199093
441;3;2;2;-2;-3;-2.0869794005019244
440;0;6;6;3;2;2.0903416177777387
439;2;3;3;0;-1;-0.8374819435378491
438;1;5;5;1;0;0.8388276496681044
437;3;2;2;-2;-3;-2.100434414222619
436;0;6;6;3;2;2.1038007294699668
435;2;3;3;0;-1;-0.8428672281523326
434;1;5;5;1;0;0.8442145749696177
433;3;2;2;-2;-3;-2.113905831068717
432;0;6;6;3;2;2.117276251784258
431;2;3;3;0;-1;-0.8482590800161347
430;1;5;5;1;0;0.8496080705227715
429;3;2;2;-2;-3;-2.1273936810543006
428;0;6;6;3;2;2.1307682147529867
427;2;3;3;0;-1;-0.8536575111495317
426;1;5;5;1;0;0.855008148355175
425;3;2;2;-2;-3;-2.1408979942667266
424;0;6;6;3;2;2.1442766484818776
423;2;3;3;0;-1;-0.8590625336021525
422;1;5;5;1;0;0.8604148205238076
421;3;2;2;-2;-3;-2.154418800866832
420;0;6;6;3;2;2.157801583150178
419;2;3;3;0;-1;-0.864474159453076
418;1;5;5;1;0;0.8658280991151166
417;3;2;2;-2;-3;-2.1679561310891984
416;0;6;6;3;2;2.1713430490109253
415;2;3;3;0;-1;-0.8698924008108992
414;1;5;5;1;0;0.8712479962451045
413;3;2;2;-2;-3;-2.1815100152423383
412;0;6;6;3;2;2.1849010763911494
411;2;3;3;0;-1;-0.8753172698138538
410;1;5;5;1;0;0.8766745240594211
409;3;2;2;-2;-3;-2.195080483708935
408;0;6;6;3;2;2.198475695692114
407;2;3;3;0;-1;-0.8807487786298829
406;1;5;5;1;0;0.882107694733449
405;3;2;2;-2;-3;-2.208667566946069
404;0;6;6;3;2;2.2120669373895367
403;2;3;3;0;-1;-0.8861869394567279
402;1;5;5;1;0;0.887547520472399
401;3;2;2;-2;-3;-2.2222712954854416
400;0;6;6;3;2;2.2256748320338176
399;2;3;3;0;-1;-0.8916317645220353
398;1;5;5;1;0;0.8929940135114016
397;3;2;2;-2;-3;-2.2358916999336067
396;0;6;6;3;2;2.2392994102502506
395;2;3;3;0;-1;-0.8970832660834276
394;1;5;5;1;0;0.8984471861155932
393;3;2;2;-2;-3;-2.2495288109722154
392;0;6;6;3;2;2.252940702739302
391;2;3;3;0;-1;-0.9025414564286169
390;1;5;5;1;0;0.9039070505802176
389;3;2;2;-2;-3;-2.263182659358222
388;0;6;6;3;2;2.2665987402767804
387;2;3;3;0;-1;-0.9080063478754798
386;1;5;5;1;0;0.9093736192307134
385;3;2;2;-2;-3;-2.276853275924129
384;0;6;6;3;2;2.280273553714107
383;2;3;3;0;-1;-0.9134779527721619
382;1;5;5;1;0;0.914846904422804
381;3;2;2;-2;-3;-2.290540691578201
380;0;6;6;3;2;2.2939651739785383
379;2;3;3;0;-1;-0.9189562834971632
378;1;5;5;1;0;0.9203269185425942
377;3;2;2;-2;-3;-2.304244937304727
376;0;6;6;3;2;2.30767363207341
375;2;3;3;0;-1;-0.9244413524594393
374;1;5;5;1;0;0.9258136740066618
373;3;2;2;-2;-3;-2.317966044164244
372;0;6;6;3;2;2.321398959078337
371;2;3;3;0;-1;-0.9299331720984778
370;1;5;5;1;0;0.9313071832621524
369;3;2;2;-2;-3;-2.331704043293758
368;0;6;6;3;2;2.335141186149496
367;2;3;3;0;-1;-0.9354317548844193
366;1;5;5;1;0;0.9368074587868769
365;3;2;2;-2;-3;-2.3454589659069924
364;0;6;6;3;2;2.3489003445198122
363;2;3;3;0;-1;-0.9409371133181299
362;1;5;5;1;0;0.9423145130894
361;3;2;2;-2;-3;-2.3592308432946147
360;0;6;6;3;2;2.362676465499238
359;2;3;3;0;-1;-0.9464492599313026
358;1;5;5;1;0;0.9478283587091365
357;3;2;2;-2;-3;-2.3730197068244863
356;0;6;6;3;2;2.376469580474968
355;2;3;3;0;-1;-0.951968207286555
354;1;5;5;1;0;0.9533490082164509
353;3;2;2;-2;-3;-2.3868255879418925
352;0;6;6;3;2;2.390279720911682
351;2;3;3;0;-1;-0.9574939679775216
350;1;5;5;1;0;0.9588764742127456
349;3;2;2;-2;-3;-2.4006485181697848
348;0;6;6;3;2;2.4041069183517756
347;2;3;3;0;-1;-0.9630265546289518
346;1;5;5;1;0;0.9644107693305646
345;3;2;2;-2;-3;-2.4144885291090112
344;0;6;6;3;2;2.417951204415626
343;2;3;3;0;-1;-0.9685659798968036
342;1;5;5;1;0;0.9699519062336801
341;3;2;2;-2;-3;-2.42834565243858
340;0;6;6;3;2;2.4318126108018028
339;2;3;3;0;-1;-0.9741122564683415
338;1;5;5;1;0;0.9754998976172047
337;3;2;2;-2;-3;-2.442219919915871
336;0;6;6;3;2;2.4456911692873256
335;2;3;3;0;-1;-0.9796653970622362
334;1;5;5;1;0;0.9810547562076692
333;3;2;2;-2;-3;-2.456111363376902
332;0;6;6;3;2;2.4595869117279143
331;2;3;3;0;-1;-0.9852254144286547
330;1;5;5;1;0;0.9866164947631333
329;3;2;2;-2;-3;-2.4700200147365656
328;0;6;6;3;2;2.473499870058202
327;2;3;3;0;-1;-0.9907923213493657
326;1;5;5;1;0;0.9921851260732808
325;3;2;2;-2;-3;-2.4839459059888647
324;0;6;6;3;2;2.4874300762920143
323;2;3;3;0;-1;-0.9963661306378295
322;1;5;5;1;0;0.9977606629595108
321;3;2;2;-2;-3;-2.497889069207176
320;0;7;7;3;2;2.501377562522613
319;2;3;3;-1;-2;-1.0019468551393054
318;1;5;5;2;1;1.0033431182750459
317;3;1;1;-2;-3;-2.5118495365444637
316;0;7;7;3;2;2.515342360922908
315;2;3;3;-1;-2;-1.007534507730945
314;1;5;5;2;1;1.0089325049050277
313;3;1;1;-2;-3;-2.525827340233576
312;0;7;7;3;2;2.5293245037457304
311;2;3;3;-1;-2;-1.0131291013218888
310;1;5;5;2;1;1.01452883576661
309;3;1;1;-2;-3;-2.5398225125874454
308;0;7;7;3;2;2.5433240233241037
307;2;3;3;-1;-2;-1.0187306488533707
306;1;5;5;2;1;1.0201321238090646
305;3;1;1;-2;-3;-2.5538350859993706
304;0;7;7;3;2;2.557340952071435
303;2;3;3;-1;-2;-1.0243391632988157
302;1;5;5;2;1;1.0257423820138811
301;3;1;1;-2;-3;-2.5678650929432436
300;0;7;7;3;2;2.57137532248181
299;2;3;3;-1;-2;-1.029954657663943
298;1;5;5;2;1;1.031359623394863
297;3;1;1;-2;-3;-2.5819125659738162
296;0;7;7;3;2;2.5854271671302342
295;2;3;3;-1;-2;-1.035577144986858
294;1;5;5;2;1;1.0369838609982374
293;3;1;1;-2;-3;-2.5959775377269487
292;0;7;7;3;2;2.5994965186728827
291;2;3;3;-1;-2;-1.0412066383381635
290;1;5;5;2;1;1.0426151079027406
289;3;1;1;-2;-3;-2.6100600409198407
288;0;7;7;3;2;2.6135834098473474
287;2;3;3;-1;-2;-1.0468431508210578
286;1;5;5;2;1;1.0482533772197336
285;3;1;1;-2;-3;-2.6241601083513366
284;0;7;7;3;2;2.627687873472894
283;2;3;3;-1;-2;-1.052486695571428
282;1;5;5;2;1;1.0538986820932976
281;3;1;1;-2;-3;-2.638277772902125
280;0;7;7;3;2;2.6418099424507275
279;2;3;3;-1;-2;-1.0581372857579652
278;1;5;5;2;1;1.0595510357003377
277;3;1;1;-2;-3;-2.6524130675350115
276;0;7;7;3;2;2.6559496497642385
275;2;3;3;-1;-2;-1.0637949345822602
274;1;5;5;2;1;1.0652104512506853
273;3;1;1;-2;-3;-2.666566025295211
272;0;7;7;3;2;2.670107028479247
271;2;3;3;-1;-2;-1.0694596552789033
270;1;5;5;2;1;1.0708769419871995
269;3;1;1;-2;-3;-2.6807366793105416
268;0;7;7;3;2;2.684282111744295
267;2;3;3;-1;-2;-1.0751314611155962
266;1;5;5;2;1;1.0765505211858706
265;3;1;1;-2;-3;-2.6949250627917394
264;0;7;7;3;2;2.6984749327908695
263;2;3;3;-1;-2;-1.080810365393246
262;1;5;5;2;1;1.0822312021559277
261;3;1;1;-2;-3;-2.7091312090326696
260;0;7;7;3;2;2.7126855249336828
259;2;3;3;-1;-2;-1.086496381446075
258;1;5;5;2;1;1.0879189982399389
257;3;1;1;-2;-3;-2.7233551514106544
256;0;7;7;3;2;2.726913921570926
255;2;3;3;-1;-2;-1.0921895226417249
254;1;5;5;2;1;1.0936139228139155
253;3;1;1;-2;-3;-2.737596923386647
252;0;7;7;3;2;2.741160156184531
251;2;3;3;-1;-2;-1.09788980238136
250;1;5;5;2;1;1.0993159892874154
249;3;1;1;-2;-3;-2.7518565585055725
248;0;7;7;3;2;2.7554242623404406
247;2;3;3;-1;-2;-1.1035972340997713
246;1;5;5;2;1;1.1050252111036585
245;3;1;1;-2;-3;-2.766134090396534
244;0;7;7;3;2;2.7697062736888505
243;2;3;3;-1;-2;-1.1093118312654866
242;1;5;5;2;1;1.110741601739619
241;3;1;1;-2;-3;-2.7804295527731178
240;0;7;7;3;2;2.7840062239645107
239;2;3;3;-1;-2;-1.1150336073808678
238;1;5;5;2;1;1.1164651747061374
237;3;1;1;-2;-3;-2.7947429794336287
236;0;7;7;3;2;2.7983241469869533
235;2;3;3;-1;-2;-1.1207625759822282
234;1;5;5;2;1;1.1221959435480304
233;3;1;1;-2;-3;-2.8090744042613913
232;0;7;7;3;2;2.812660076660773
231;2;3;3;-1;-2;-1.1264987506399322
230;1;5;5;2;1;1.1279339218441908
229;3;1;1;-2;-3;-2.8234238612249705
228;0;7;7;3;2;2.8270140469759255
227;2;3;3;-1;-2;-1.1322421449585036
226;1;5;5;2;1;1.1336791232076973
225;3;1;1;-2;-3;-2.8377913843784768
224;0;7;7;3;2;2.841386092007916
223;2;3;3;-1;-2;-1.1379927725767285
222;1;5;5;2;1;1.1394315612859245
221;3;1;1;-2;-3;-2.8521770078618367
220;0;7;7;3;2;2.8557762459181717
219;2;3;3;-1;-2;-1.1437506471677814
218;1;5;5;2;1;1.1451912497606553
217;3;1;1;-2;-3;-2.8665807659010163
216;0;7;7;3;2;2.8701845429542416
215;2;3;3;-1;-2;-1.149515782439309
214;1;5;5;2;1;1.1509582023481713
213;3;1;1;-2;-3;-2.881002692808366
212;0;7;7;3;2;2.8846110174500765
211;2;3;3;-1;-2;-1.1552881921335523
210;1;5;5;2;1;1.1567324327993838
209;3;1;1;-2;-3;-2.8954428229828224
208;0;7;7;3;2;2.899055703826317
207;2;3;3;-1;-2;-1.1610678900274571
206;1;5;5;2;1;1.1625139548999304
205;3;1;1;-2;-3;-2.9099011909102366
204;0;7;7;3;2;2.913518636590595
203;2;3;3;-1;-2;-1.1668548899327824
202;1;5;5;2;1;1.1683027824702847
201;3;1;1;-2;-3;-2.9243778311636106
200;0;7;7;3;2;2.9279998503377236
199;2;3;3;-1;-2;-1.1726492056961995
198;1;5;5;2;1;1.1740989293658721
197;3;1;1;-2;-3;-2.938872778403386
196;0;7;7;3;2;2.9424993797500782
195;2;3;3;-1;-2;-1.17845085119942
194;1;5;5;2;1;1.1799024094771777
193;3;1;1;-2;-3;-2.9533860673777426
192;0;7;7;3;2;2.95701725959778
191;2;3;3;-1;-2;-1.1842598403592959
190;1;5;5;2;1;1.1857132367298533
189;3;1;1;-2;-3;-2.9679177329228317
188;0;7;7;3;2;2.971553524739047
187;2;3;3;-1;-2;-1.1900761871279322
186;1;5;5;2;1;1.191531425084838
185;3;1;1;-2;-3;-2.9824678099630866
184;0;7;7;3;2;2.986108210120406
183;2;3;3;-1;-2;-1.1958999054927997
182;1;5;5;2;1;1.197356988538461
181;3;1;1;-2;-3;-2.997036333511506
180;0;7;7;4;3;3.0006813507770502
179;2;3;3;-1;-2;-1.2017310094768483
178;1;5;5;2;1;1.2031899411225577
177;3;1;1;-3;-4;-3.01162333866991
176;0;7;7;4;3;3.0152729818330464
175;2;3;3;-1;-2;-1.2075695131386137
174;1;5;5;2;1;1.209030296904583
173;3;1;1;-3;-4;-3.026228860629235
172;0;7;7;4;3;3.0298831385016562
171;2;3;3;-1;-2;-1.2134154305723417
170;1;5;5;2;1;1.2148780699877193
169;3;1;1;-3;-4;-3.0408529346698288
168;0;7;7;4;3;3.0445118560856272
167;2;3;3;-1;-2;-1.2192687759080894
166;1;5;5;2;1;1.2207332745110016
165;3;1;1;-3;-4;-3.055495596161709
164;0;7;7;4;3;3.059159169977434
163;2;3;3;-1;-2;-1.225129563311846
162;1;5;5;2;1;1.2265959246494198
161;3;1;1;-3;-4;-3.0701568805648805
160;0;7;7;4;3;3.07382511565962
159;2;3;3;-1;-2;-1.2309978069856466
158;1;5;5;2;1;1.232466034614033
157;3;1;1;-3;-4;-3.084836823429576
156;0;7;7;4;3;3.0885097287050343
155;2;3;3;-1;-2;-1.2368735211676842
154;1;5;5;2;1;1.2383436186520953
153;3;1;1;-3;-4;-3.0995354603966057
152;0;7;7;4;3;3.103213044777153
151;2;3;3;-1;-2;-1.2427567201324283
150;1;5;5;2;1;1.244228691047164
149;3;1;1;-3;-4;-3.114252827197582
148;0;7;7;4;3;3.1179350996303548
147;2;3;3;-1;-2;-1.2486474181907372
146;1;5;5;2;1;1.2501212661192103
145;3;1;1;-3;-4;-3.1289889596552456
144;0;7;7;4;3;3.1326759291101958
143;2;3;3;-1;-2;-1.2545456296899733
142;1;5;5;2;1;1.2560213582247446
141;3;1;1;-3;-4;-3.1437438936837587
140;0;7;7;4;3;3.147435569153746
139;2;3;3;-1;-2;-1.2604513690141275
138;1;5;5;2;1;1.2619289817569292
137;3;1;1;-3;-4;-3.158517665288965
136;0;7;7;4;3;3.1622140557898177
135;2;3;3;-1;-2;-1.2663646505839257
134;1;5;5;2;1;1.2678441511456935
133;3;1;1;-3;-4;-3.1733103105687306
132;0;7;7;4;3;3.1770114251393196
131;2;3;3;-1;-2;-1.2722854888569533
130;1;5;5;2;1;1.2737668808578562
129;3;1;1;-3;-4;-3.1881218657131996
128;0;7;7;4;3;3.191827713415524
127;2;3;3;-1;-2;-1.2782138983277687
126;1;5;5;2;1;1.2796971853972376
125;3;1;1;-3;-4;-3.2029523670050857
124;0;7;7;4;3;3.206662956924319
123;2;3;3;-1;-2;-1.284149893528026
122;1;5;5;2;1;1.2856350793047842
121;3;1;1;-3;-4;-3.2178018508200203
120;0;7;7;4;3;3.22151719206461
119;2;3;3;-1;-2;-1.290093489026587
118;1;5;5;2;1;1.2915805771586797
117;3;1;1;-3;-4;-3.232670353626766
116;0;7;7;4;3;3.236390455328511
115;2;3;3;-1;-2;-1.2960446994296504
114;1;5;5;2;1;1.2975336935744721
113;3;1;1;-3;-4;-3.247557911987606
112;0;7;7;4;3;3.2512827833017077
111;2;3;3;-1;-2;-1.3020035393808609
110;1;5;5;2;1;1.3034944432051887
109;3;1;1;-3;-4;-3.2624645625585806
108;0;7;7;4;3;3.2661942126637378
107;2;3;3;-1;-2;-1.3079700235614364
106;1;5;5;2;1;1.3094628407414604
105;3;1;1;-3;-4;-3.2773903420897987
104;0;7;7;4;3;3.281124780188282
103;2;3;3;-1;-2;-1.3139441666902858
102;1;5;5;2;1;1.3154389009116354
101;3;1;1;-3;-4;-3.292335287425768
100;0;7;7;4;3;3.296074522743478
99;2;3;3;-1;-2;-1.3199259835241293
98;1;5;5;2;1;1.3214226384819092
97;3;1;1;-3;-4;-3.307299435505673
96;0;7;7;4;3;3.311043477292241
95;2;3;3;-1;-2;-1.325915488857623
94;1;5;5;2;1;1.3274140682564362
93;3;1;1;-3;-4;-3.3222828233636754
92;0;7;7;4;3;3.3260316808925197
91;2;3;3;-1;-2;-1.3319126975234763
90;1;5;5;2;1;1.3334132050774627
89;3;1;1;-3;-4;-3.337285488129247
88;0;7;7;4;3;3.3410391706976483
87;2;3;3;-1;-2;-1.3379176243925812
86;1;5;5;2;1;1.3394200638254432
85;3;1;1;-3;-4;-3.352307467027437
84;0;7;7;4;3;3.3560659839566505
83;2;3;3;-1;-2;-1.343930284374128
82;1;5;5;2;1;1.3454346594191602
81;3;1;1;-3;-4;-3.3673487973792255
80;0;7;7;4;3;3.3711121580145083
79;2;3;3;-1;-2;-1.3499506924157298
78;1;5;5;2;1;1.3514570068158562
77;3;1;1;-3;-4;-3.3824095166018004
76;0;7;7;4;3;3.386177730312511
75;2;3;3;-1;-2;-1.3559788635035535
74;1;5;5;2;1;1.3574871210113528
73;3;1;1;-3;-4;-3.3974896622088586
72;0;7;7;4;3;3.40126273838856
71;2;3;3;-1;-2;-1.3620148126624336
70;1;5;5;2;1;1.363525017040173
69;3;1;1;-3;-4;-3.412589271810969
68;0;7;7;4;3;3.416367219877454
67;2;3;3;-1;-2;-1.368058554956006
66;1;5;5;2;1;1.3695707099756707
65;3;1;1;-3;-4;-3.427708383115821
64;0;7;7;4;3;3.43149121251124
63;2;3;3;-1;-2;-1.3741101054868317
62;1;5;5;2;1;1.3756242149301539
61;3;1;1;-3;-4;-3.4428470339285866
60;0;7;7;4;3;3.4466347541194864
59;2;3;3;-1;-2;-1.3801694793965105
58;1;5;5;2;1;1.381685547055012
57;3;1;1;-3;-4;-3.4580052621522093
56;0;7;7;4;3;3.4617978826296465
55;2;3;3;-1;-2;-1.3862366918658289
54;1;5;5;2;1;1.3877547215408406
53;3;1;1;-3;-4;-3.473183105787726
52;0;7;7;4;3;3.4769806360673243
51;2;3;3;-1;-2;-1.3923117581148698
50;1;5;5;2;1;1.393831753617567
49;3;1;1;-3;-4;-3.4883806029345976
48;0;7;7;4;3;3.492183052556644
47;2;3;3;-1;-2;-1.3983946934031444
46;1;5;5;2;1;1.3999166585545826
45;3;0;0;-3;-4;-3.5035977917910195
44;0;8;8;4;3;3.50740517032051
43;2;3;3;-1;-2;-1.4044855130297247
42;1;5;5;2;1;1.406009451660866
41;3;0;0;-3;-4;-3.5188347106542146
40;0;8;8;4;3;3.522647027680989
39;2;3;3;-1;-2;-1.4105842323333633
38;1;5;5;2;1;1.4121101482851142
37;3;0;0;-3;-4;-3.5340913979208075
36;0;8;8;4;3;3.5379086630595786
35;2;3;3;-1;-2;-1.4166908666926297
34;1;5;5;2;1;1.418218763815867
33;3;0;0;-3;-4;-3.549367892087119
32;0;8;8;4;3;3.5531901149775784
31;2;3;3;-1;-2;-1.4228054315260383
30;1;5;5;2;1;1.424335313681647
29;3;0;0;-3;-4;-3.564664231749461
28;0;8;8;4;3;3.5684914220563613
27;2;3;3;-1;-2;-1.4289279422921712
26;1;5;5;2;1;1.4304598133510726
25;3;0;0;-3;-4;-3.579980455604524
24;0;8;8;4;3;3.583812623017746
23;2;3;3;-1;-2;-1.43505841448982
22;1;5;5;2;1;1.4365922783330092
21;3;0;0;-3;-4;-3.595316602449646
20;0;8;8;4;3;3.599153756684295
19;2;3;3;-1;-2;-1.4411968636581047
18;1;5;5;2;1;1.442732724176679
17;3;0;0;-3;-4;-3.6106727111831773
16;0;8;8;4;3;3.6145148619796714
15;2;3;3;-1;-2;-1.4473433053766112
14;1;5;5;2;1;1.4488811664718089
13;3;0;0;-3;-4;-3.6260488208047974
12;0;8;8;4;3;3.6298959779289177
11;2;3;3;-1;-2;-1.4534977552655288
10;1;5;5;2;1;1.455037620848751
9;3;0;0;-3;-4;-3.641444970415833
8;0;8;8;4;3;3.64529714365883
7;2;3;3;-1;-2;-1.4596602289857703
6;1;5;5;2;1;1.4612021029786284
5;3;0;0;-3;-4;-3.6568611992196054
4;0;8;8;4;3;3.660718398398295
3;2;3;3;-1;-2;-1.4658307422391115
2;1;5;5;2;1;1.467374628573447
1;3;0;0;-3;-4;-3.672297546521765
754;3;4;4;0;0;0
753;2;4;4;0;0;0
752;1;4;4;0;0;0
751;0;4;4;0;0;0
750;3;4;4;0;0;0
749;2;4;4;0;0;0
748;1;4;4;0;0;0
747;0;4;4;0;0;0
746;3;4;4;0;0;0
745;2;4;4;0;0;0
744;1;4;4;0;0;0
743;0;4;4;0;0;0
742;3;4;4;0;0;0
741;2;4;4;0;0;0
740;1;4;4;0;0;0
739;0;4;4;0;0;0
738;3;4;4;0;0;0
737;2;4;4;0;0;0
736;1;4;4;0;0;0
735;0;4;4;0;0;0
734;3;4;4;0;0;0
733;2;4;4;0;0;0
732;1;4;4;0;0;0
731;0;4;4;0;0;0
730;3;4;4;0;0;0
729;2;4;4;0;0;0
728;1;4;4;0;0;0
727;0;4;4;0;0;0
726;3;4;4;0;0;0
725;2;4;4;0;0;0
724;1;4;4;0;0;0
723;0;4;4;0;0;0
722;3;4;4;0;0;0
721;2;4;4;0;0;0
720;1;4;4;0;0;0
719;0;4;4;0;0;0
718;3;4;4;0;0;0
717;2;4;4;0;0;0
716;1;4;4;0;0;0
715;0;4;4;0;0;0
714;3;4;4;0;0;0
713;2;4;4;0;0;0
712;1;4;4;0;0;0
711;0;4;4;0;0;0
710;3;4;4;0;0;0
709;2;4;4;0;0;0
708;1;4;4;0;0;0
707;0;4;4;0;0;0
706;3;4;4;0;0;0
705;2;4;4;0;0;0
704;1;4;4;0;0;0
703;0;4;4;0;0;0
702;3;4;4;0;0;0
701;2;4;4;0;0;0
700;1;4;4;0;0;0
699;0;4;4;0;0;0
698;3;4;4;0;0;0
697;2;4;4;0;0;0
696;1;4;4;0;0;0
695;0;4;4;0;0;0
694;3;4;4;0;0;0
693;2;4;4;0;0;0
692;1;4;4;0;0;0
691;0;4;4;0;0;0
690;3;4;4;0;0;0
689;2;4;4;0;0;0
688;1;4;4;0;0;0
687;0;4;4;0;0;0
686;3;4;4;0;0;0
685;2;4;4;0;0;0
684;1;4;4;0;0;0
683;0;4;4;0;0;0
682;3;4;4;0;0;0
681;2;4;4;0;0;0
680;1;4;4;0;0;0
679;0;4;4;0;0;0
678;3;4;4;0;0;0
677;2;4;4;0;0;0
676;1;4;4;0;0;0
675;0;4;4;0;0;0
674;3;4;4;0;0;0
673;2;4;4;0;0;0
672;1;4;4;0;0;0
671;0;4;4;0;0;0
670;3;4;4;0;0;0
669;2;4;4;0;0;0
668;1;4;4;0;0;0
667;0;4;4;0;0;0
666;3;4;4;0;0;0
665;2;4;4;0;0;0
664;1;4;4;0;0;0
663;0;4;4;0;0;0
662;3;4;4;0;0;0
661;2;4;4;0;0;0
660;1;4;4;0;0;0
659;0;4;4;0;0;0
658;3;4;4;0;0;0
657;2;4;4;0;0;0
656;1;4;4;0;0;0
655;0;4;4;0;0;0
654;3;4;4;0;0;0
653;2;4;4;0;0;0
652;1;4;4;0;0;0
651;0;4;4;0;0;0
650;3;4;4;0;0;0
649;2;4;4;0;0;0
648;1;4;4;0;0;0
647;0;4;4;0;0;0
646;3;4;4;0;0;0
645;2;4;4;0;0;0
644;1;4;4;0;0;0
643;0;4;4;0;0;0
642;3;4;4;0;0;0
641;2;4;4;0;0;0
640;1;4;4;0;0;0
639;0;4;4;0;0;0
638;3;4;4;0;0;0
637;2;4;4;0;0;0
636;1;4;4;0;0;0
635;0;4;4;0;0;0
634;3;4;4;0;0;0
633;2;4;4;0;0;0
632;1;4;4;0;0;0
631;0;4;4;0;0;0
630;3;4;4;0;0;0
629;2;4;4;0;0;0
628;1;4;4;0;0;0
627;0;4;4;0;0;0
626;3;4;4;0;0;0
625;2;4;4;0;0;0
624;1;4;4;0;0;0
623;0;4;4;0;0;0
622;3;4;4;0;0;0
621;2;4;4;0;0;0
620;1;4;4;0;0;0
619;0;4;4;0;0;0
618;3;4;4;0;0;0
617;2;4;4;0;0;0
616;1;4;4;0;0;0
615;0;4;4;0;0;0
614;3;4;4;0;0;0
613;2;4;4;0;0;0
612;1;4;4;0;0;0
611;0;4;4;0;0;0
610;3;4;4;0;0;0
609;2;4;4;0;0;0
608;1;4;4;0;0;0
607;0;4;4;0;0;0
606;3;4;4;0;0;0
605;2;4;4;0;0;0
604;1;4;4;0;0;0
603;0;4;4;0;0;0
602;3;4;4;0;0;0
601;2;4;4;0;0;0
600;1;4;4;0;0;0
599;0;4;4;0;0;0
598;3;4;4;0;0;0
597;2;4;4;0;0;0
596;1;4;4;0;0;0
595;0;4;4;0;0;0
594;3;4;4;0;0;0
593;2;4;4;0;0;0
592;1;4;4;0;0;0
591;0;4;4;0;0;0
590;3;4;4;0;0;0
589;2;4;4;0;0;0
588;1;4;4;0;0;0
587;0;4;4;0;0;0
586;3;4;4;0;0;0
585;2;4;4;0;0;0
584;1;4;4;0;0;0
583;0;4;4;0;0;0
582;3;4;4;0;0;0
581;2;4;4;0;0;0
580;1;4;4;0;0;0
579;0;4;4;0;0;0
578;3;4;4;0;0;0
577;2;4;4;0;0;0
576;1;4;4;0;0;0
575;0;4;4;0;0;0
574;3;4;4;0;0;0
573;2;4;4;0;0;0
572;1;4;4;0;0;0
571;0;4;4;0;0;0
570;3;4;4;0;0;0
569;2;4;4;0;0;0
568;1;4;4;0;0;0
567;0;4;4;0;0;0
566;3;4;4;0;0;0
565;2;4;4;0;0;0
564;1;4;4;0;0;0
563;0;4;4;0;0;0
562;3;4;4;0;0;0
561;2;4;4;0;0;0
560;1;4;4;0;0;0
559;0;4;4;0;0;0
558;3;4;4;0;0;0
557;2;4;4;0;0;0
556;1;4;4;0;0;0
555;0;4;4;0;0;0
554;3;4;4;0;0;0
553;2;4;4;0;0;0
552;1;4;4;0;0;0
551;0;4;4;0;0;0
550;3;4;4;0;0;0
549;2;4;4;0;0;0
548;1;4;4;0;0;0
547;0;4;4;0;0;0
546;3;4;4;0;0;0
545;2;4;4;0;0;0
544;1;4;4;0;0;0
543;0;4;4;0;0;0
542;3;4;4;0;0;0
541;2;4;4;0;0;0
540;1;4;4;0;0;0
539;0;4;4;0;0;0
538;3;4;4;0;0;0
537;2;4;4;0;0;0
536;1;4;4;0;0;0
535;0;4;4;0;0;0
534;3;4;4;0;0;0
533;2;4;4;0;0;0
532;1;4;4;0;0;0
531;0;4;4;0;0;0
530;3;4;4;0;0;0
529;2;4;4;0;0;0
528;1;4;4;0;0;0
527;0;4;4;0;0;0
526;3;4;4;0;0;0
525;2;4;4;0;0;0
524;1;4;4;0;0;0
523;0;4;4;0;0;0
522;3;4;4;0;0;0
521;2;4;4;0;0;0
520;1;4;4;0;0;0
519;0;4;4;0;0;0
518;3;4;4;0;0;0
517;2;4;4;0;0;0
516;1;4;4;0;0;0
515;0;4;4;0;0;0
514;3;4;4;0;0;0
513;2;4;4;0;0;0
512;1;4;4;0;0;0
511;0;4;4;0;0;0
510;3;4;4;0;0;0
509;2;4;4;0;0;0
508;1;4;4;0;0;0
507;0;4;4;0;0;0
506;3;4;4;0;0;0
505;2;4;4;0;0;0
504;1;4;4;0;0;0
503;0;4;4;0;0;0
502;3;4;4;0;0;0
501;2;4;4;0;0;0
500;1;4;4;0;0;0
499;0;4;4;0;0;0
498;3;4;4;0;0;0
497;2;4;4;0;0;0
496;1;4;4;0;0;0
495;0;4;4;0;0;0
494;3;4;4;0;0;0
493;2;4;4;0;0;0
492;1;4;4;0;0;0
491;0;4;4;0;0;0
490;3;4;4;0;0;0
489;2;4;4;0;0;0
488;1;4;4;0;0;0
487;0;4;4;0;0;0
486;3;4;4;0;0;0
485;2;4;4;0;0;0
484;1;4;4;0;0;0
483;0;4;4;0;0;0
482;3;4;4;0;0;0
481;2;4;4;0;0;0
480;1;4;4;0;0;0
479;0;4;4;0;0;0
478;3;4;4;0;0;0
477;2;4;4;0;0;0
476;1;4;4;0;0;0
475;0;4;4;0;0;0
474;3;4;4;0;0;0
473;2;4;4;0;0;0
472;1;4;4;0;0;0
471;0;4;4;0;0;0
470;3;4;4;0;0;0
469;2;4;4;0;0;0
468;1;4;4;0;0;0
467;0;4;4;0;0;0
466;3;4;4;0;0;0
465;2;4;4;0;0;0
464;1;4;4;0;0;0
463;0;4;4;0;0;0
462;3;4;4;0;0;0
461;2;4;4;0;0;0
460;1;4;4;0;0;0
459;0;4;4;0;0;0
458;3;4;4;0;0;0
457;2;4;4;0;0;0
456;1;4;4;0;0;0
455;0;4;4;0;0;0
454;3;4;4;0;0;0
453;2;4;4;0;0;0
452;1;4;4;0;0;0
451;0;4;4;0;0;0
450;3;4;4;0;0;0
449;2;4;4;0;0;0
448;1;4;4;0;0;0
447;0;4;4;0;0;0
446;3;4;4;0;0;0
445;2;4;4;0;0;0
444;1;4;4;0;0;0
443;0;4;4;0;0;0
442;3;4;4;0;0;0
441;2;4;4;0;0;0
440;1;4;4;0;0;0
439;0;4;4;0;0;0
438;3;4;4;0;0;0
437;2;4;4;0;0;0
436;1;4;4;0;0;0
435;0;4;4;0;0;0
434;3;4;4;0;0;0
433;2;4;4;0;0;0
432;1;4;4;0;0;0
431;0;4;4;0;0;0
430;3;4;4;0;0;0
429;2;4;4;0;0;0
428;1;4;4;0;0;0
427;0;4;4;0;0;0
426;3;4;4;0;0;0
425;2;4;4;0;0;0
424;1;4;4;0;0;0
423;0;4;4;0;0;0
422;3;4;4;0;0;0
421;2;4;4;0;0;0
420;1;4;4;0;0;0
419;0;4;4;0;0;0
418;3;4;4;0;0;0
417;2;4;4;0;0;0
416;1;4;4;0;0;0
415;0;4;4;0;0;0
414;3;4;4;0;0;0
413;2;4;4;0;0;0
412;1;4;4;0;0;0
411;0;4;4;0;0;0
410;3;4;4;0;0;0
409;2;4;4;0;0;0
408;1;4;4;0;0;0
407;0;4;4;0;0;0
406;3;4;4;0;0;0
405;2;4;4;0;0;0
404;1;4;4;0;0;0
403;0;4;4;0;0;0
402;3;4;4;0;0;0
401;2;4;4;0;0;0
400;1;4;4;0;0;0
399;0;4;4;0;0;0
398;3;4;4;0;0;0
397;2;4;4;0;0;0
396;1;4;4;0;0;0
395;0;4;4;0;0;0
394;3;4;4;0;0;0
393;2;4;4;0;0;0
392;1;4;4;0;0;0
391;0;4;4;0;0;0
390;3;4;4;0;0;0
389;2;4;4;0;0;0
388;1;4;4;0;0;0
387;0;4;4;0;0;0
386;3;4;4;0;0;0
385;2;4;4;0;0;0
384;1;4;4;0;0;0
383;0;4;4;0;0;0
382;3;4;4;0;0;0
381;2;4;4;0;0;0
380;1;4;4;0;0;0
379;0;4;4;0;0;0
378;3;4;4;0;0;0
377;2;4;4;0;0;0
376;1;4;4;0;0;0
375;0;4;4;0;0;0
374;3;4;4;0;0;0
373;2;4;4;0;0;0
372;1;4;4;0;0;0
371;0;4;4;0;0;0
370;3;4;4;0;0;0
369;2;4;4;0;0;0
368;1;4;4;0;0;0
367;0;4;4;0;0;0
366;3;4;4;0;0;0
365;2;4;4;0;0;0
364;1;4;4;0;0;0
363;0;4;4;0;0;0
362;3;4;4;0;0;0
361;2;4;4;0;0;0
360;1;4;4;0;0;0
359;0;4;4;0;0;0
358;3;4;4;0;0;0
357;2;4;4;0;0;0
356;1;4;4;0;0;0
355;0;4;4;0;0;0
354;3;4;4;0;0;0
353;2;4;4;0;0;0
352;1;4;4;0;0;0
351;0;4;4;0;0;0
350;3;4;4;0;0;0
349;2;4;4;0;0;0
348;1;4;4;0;0;0
347;0;4;4;0;0;0
346;3;4;4;0;0;0
345;2;4;4;0;0;0
344;1;4;4;0;0;0
343;0;4;4;0;0;0
342;3;4;4;0;0;0
341;2;4;4;0;0;0
340;1;4;4;0;0;0
339;0;4;4;0;0;0
338;3;4;4;0;0;0
337;2;4;4;0;0;0
336;1;4;4;0;0;0
335;0;4;4;0;0;0
334;3;4;4;0;0;0
333;2;4;4;0;0;0
332;1;4;4;0;0;0
331;0;4;4;0;0;0
330;3;4;4;0;0;0
329;2;4;4;0;0;0
328;1;4;4;0;0;0
327;0;4;4;0;0;0
326;3;4;4;0;0;0
325;2;4;4;0;0;0
324;1;4;4;0;0;0
323;0;4;4;0;0;0
322;3;4;4;0;0;0
321;2;4;4;0;0;0
320;1;4;4;0;0;0
319;0;4;4;0;0;0
318;3;4;4;0;0;0
317;2;4;4;0;0;0
316;1;4;4;0;0;0
315;0;4;4;0;0;0
314;3;4;4;0;0;0
313;2;4;4;0;0;0
312;1;4;4;0;0;0
311;0;4;4;0;0;0
310;3;4;4;0;0;0
309;2;4;4;0;0;0
308;1;4;4;0;0;0
307;0;4;4;0;0;0
306;3;4;4;0;0;0
305;2;4;4;0;0;0
304;1;4;4;0;0;0
303;0;4;4;0;0;0
302;3;4;4;0;0;0
301;2;4;4;0;0;0
300;1;4;4;0;0;0
299;0;4;4;0;0;0
298;3;4;4;0;0;0
297;2;4;4;0;0;0
296;1;4;4;0;0;0
295;0;4;4;0;0;0
294;3;4;4;0;0;0
293;2;4;4;0;0;0
292;1;4;4;0;0;0
291;0;4;4;0;0;0
290;3;4;4;0;0;0
289;2;4;4;0;0;0
288;1;4;4;0;0;0
287;0;4;4;0;0;0
286;3;4;4;0;0;0
285;2;4;4;0;0;0
284;1;4;4;0;0;0
283;0;4;4;0;0;0
282;3;4;4;0;0;0
281;2;4;4;0;0;0
280;1;4;4;0;0;0
279;0;4;4;0;0;0
278;3;4;4;0;0;0
277;2;4;4;0;0;0
276;1;4;4;0;0;0
275;0;4;4;0;0;0
274;3;4;4;0;0;0
273;2;4;4;0;0;0
272;1;4;4;0;0;0
271;0;4;4;0;0;0
270;3;4;4;0;0;0
269;2;4;4;0;0;0
268;1;4;4;0;0;0
267;0;4;4;0;0;0
266;3;4;4;0;0;0
265;2;4;4;0;0;0
264;1;4;4;0;0;0
263;0;4;4;0;0;0
262;3;4;4;0;0;0
261;2;4;4;0;0;0
260;1;4;4;0;0;0
259;0;4;4;0;0;0
258;3;4;4;0;0;0
257;2;4;4;0;0;0
256;1;4;4;0;0;0
255;0;4;4;0;0;0
254;3;4;4;0;0;0
253;2;4;4;0;0;0
252;1;4;4;0;0;0
251;0;4;4;0;0;0
250;3;4;4;0;0;0
249;2;4;4;0;0;0
248;1;4;4;0;0;0
247;0;4;4;0;0;0
246;3;4;4;0;0;0
245;2;4;4;0;0;0
244;1;4;4;0;0;0
243;0;4;4;0;0;0
242;3;4;4;0;0;0
241;2;4;4;0;0;0
240;1;4;4;0;0;0
239;0;4;4;0;0;0
238;3;4;4;0;0;0
237;2;4;4;0;0;0
236;1;4;4;0;0;0
235;0;4;4;0;0;0
234;3;4;4;0;0;0
233;2;4;4;0;0;0
232;1;4;4;0;0;0
231;0;4;4;0;0;0
230;3;4;4;0;0;0
229;2;4;4;0;0;0
228;1;4;4;0;0;0
227;0;4;4;0;0;0
226;3;4;4;0;0;0
225;2;4;4;0;0;0
224;1;4;4;0;0;0
223;0;4;4;0;0;0
222;3;4;4;0;0;0
221;2;4;4;0;0;0
220;1;4;4;0;0;0
219;0;4;4;0;0;0
218;3;4;4;0;0;0
217;2;4;4;0;0;0
216;1;4;4;0;0;0
215;0;4;4;0;0;0
214;3;4;4;0;0;0
213;2;4;4;0;0;0
212;1;4;4;0;0;0
211;0;4;4;0;0;0
210;3;4;4;0;0;0
209;2;4;4;0;0;0
208;1;4;4;0;0;0
207;0;4;4;0;0;0
206;3;4;4;0;0;0
205;2;4;4;0;0;0
204;1;4;4;0;0;0
203;0;4;4;0;0;0
202;3;4;4;0;0;0
201;2;4;4;0;0;0
200;1;4;4;0;0;0
199;0;4;4;0;0;0
198;3;4;4;0;0;0
197;2;4;4;0;0;0
196;1;4;4;0;0;0
195;0;4;4;0;0;0
194;3;4;4;0;0;0
193;2;4;4;0;0;0
192;1;4;4;0;0;0
191;0;4;4;0;0;0
190;3;4;4;0;0;0
189;2;4;4;0;0;0
188;1;4;4;0;0;0
187;0;4;4;0;0;0
186;3;4;4;0;0;0
185;2;4;4;0;0;0
184;1;4;4;0;0;0
183;0;4;4;0;0;0
182;3;4;4;0;0;0
181;2;4;4;0;0;0
180;1;4;4;0;0;0
179;0;4;4;0;0;0
178;3;4;4;0;0;0
177;2;4;4;0;0;0
176;1;4;4;0;0;0
175;0;4;4;0;0;0
174;3;4;4;0;0;0
173;2;4;4;0;0;0
172;1;4;4;0;0;0
171;0;4;4;0;0;0
170;3;4;4;0;0;0
169;2;4;4;0;0;0
168;1;4;4;0;0;0
167;0;4;4;0;0;0
166;3;4;4;0;0;0
165;2;4;4;0;0;0
164;1;4;4;0;0;0
163;0;4;4;0;0;0
162;3;4;4;0;0;0
161;2;4;4;0;0;0
160;1;4;4;0;0;0
159;0;4;4;0;0;0
158;3;4;4;0;0;0
157;2;4;4;0;0;0
156;1;4;4;0;0;0
155;0;4;4;0;0;0
154;3;4;4;0;0;0
153;2;4;4;0;0;0
152;1;4;4;0;0;0
151;0;4;4;0;0;0
150;3;4;4;0;0;0
149;2;4;4;0;0;0
148;1;4;4;0;0;0
147;0;4;4;0;0;0
146;3;4;4;0;0;0
145;2;4;4;0;0;0
144;1;4;4;0;0;0
143;0;4;4;0;0;0
142;3;4;4;0;0;0
141;2;4;4;0;0;0
140;1;4;4;0;0;0
139;0;4;4;0;0;0
138;3;4;4;0;0;0
137;2;4;4;0;0;0
136;1;4;4;0;0;0
135;0;4;4;0;0;0
134;3;4;4;0;0;0
133;2;4;4;0;0;0
132;1;4;4;0;0;0
131;0;4;4;0;0;0
130;3;4;4;0;0;0
129;2;4;4;0;0;0
128;1;4;4;0;0;0
127;0;4;4;0;0;0
126;3;4;4;0;0;0
125;2;4;4;0;0;0
124;1;4;4;0;0;0
123;0;4;4;0;0;0
122;3;4;4;0;0;0
121;2;4;4;0;0;0
120;1;4;4;0;0;0
119;0;4;4;0;0;0
118;3;4;4;0;0;0
117;2;4;4;0;0;0
116;1;4;4;0;0;0
115;0;4;4;0;0;0
114;3;4;4;0;0;0
113;2;4;4;0;0;0
112;1;4;4;0;0;0
111;0;4;4;0;0;0
110;3;4;4;0;0;0
109;2;4;4;0;0;0
108;1;4;4;0;0;0
107;0;4;4;0;0;0
106;3;4;4;0;0;0
105;2;4;4;0;0;0
104;1;4;4;0;0;0
103;0;4;4;0;0;0
102;3;4;4;0;0;0
101;2;4;4;0;0;0
100;1;4;4;0;0;0
99;0;4;4;0;0;0
98;3;4;4;0;0;0
97;2;4;4;0;0;0
96;1;4;4;0;0;0
95;0;4;4;0;0;0
94;3;4;4;0;0;0
93;2;4;4;0;0;0
92;1;4;4;0;0;0
91;0;4;4;0;0;0
90;3;4;4;0;0;0
89;2;4;4;0;0;0
88;1;4;4;0;0;0
87;0;4;4;0;0;0
86;3;4;4;0;0;0
85;2;4;4;0;0;0
84;1;4;4;0;0;0
83;0;4;4;0;0;0
82;3;4;4;0;0;0
81;2;4;4;0;0;0
80;1;4;4;0;0;0
79;0;4;4;0;0;0
78;3;4;4;0;0;0
77;2;4;4;0;0;0
76;1;4;4;0;0;0
75;0;4;4;0;0;0
74;3;4;4;0;0;0
73;2;4;4;0;0;0
72;1;4;4;0;0;0
71;0;4;4;0;0;0
70;3;4;4;0;0;0
69;2;4;4;0;0;0
68;1;4;4;0;0;0
67;0;4;4;0;0;0
66;3;4;4;0;0;0
65;2;4;4;0;0;0
64;1;4;4;0;0;0
63;0;4;4;0;0;0
62;3;4;4;0;0;0
61;2;4;4;0;0;0
60;1;4;4;0;0;0
59;0;4;4;0;0;0
58;3;4;4;0;0;0
57;2;4;4;0;0;0
56;1;4;4;0;0;0
55;0;4;4;0;0;0
54;3;4;4;0;0;0
53;2;4;4;0;0;0
52;1;4;4;0;0;0
51;0;4;4;0;0;0
50;3;4;4;0;0;0
49;2;4;4;0;0;0
48;1;4;4;0;0;0
47;0;4;4;0;0;0
46;3;4;4;0;0;0
45;2;4;4;0;0;0
44;1;4;4;0;0;0
43;0;4;4;0;0;0
42;3;4;4;0;0;0
41;2;4;4;0;0;0
40;1;4;4;0;0;0
39;0;4;4;0;0;0
38;3;4;4;0;0;0
37;2;4;4;0;0;0
36;1;4;4;0;0;0
35;0;4;4;0;0;0
34;3;4;4;0;0;0
33;2;4;4;0;0;0
32;1;4;4;0;0;0
31;0;4;4;0;0;0
30;3;4;4;0;0;0
29;2;4;4;0;0;0
28;1;4;4;0;0;0
27;0;4;4;0;0;0
26;3;4;4;0;0;0
25;2;4;4;0;0;0
24;1;4;4;0;0;0
23;0;4;4;0;0;0
22;3;4;4;0;0;0
21;2;4;4;0;0;0
20;1;4;4;0;0;0
19;0;4;4;0;0;0
18;3;4;4;0;0;0
17;2;4;4;0;0;0
16;1;4;4;0;0;0
15;0;4;4;0;0;0
14;3;4;4;0;0;0
13;2;4;4;0;0;0
12;1;4;4;0;0;0
11;0;4;4;0;0;0
10;3;4;4;0;0;0
9;2;4;4;0;0;0
8;1;4;4;0;0;0
7;0;4;4;0;0;0
6;3;4;4;0;0;0
5;2;4;4;0;0;0
4;1;4;4;0;0;0
3;0;4;4;0;0;0
2;3;4;4;0;0;0
1;2;4;4;0;0;0
